,ANO,COD_MUN,HOMICIDIOS,NOM_MUN,POPULACAO,TAXA_HOMICIDIO
0,2010,250000,2,1,1,200000.0
1,2010,250040,7,Alagoa Nova,19681,35.57
2,2010,250050,1,Alagoinha,13576,7.37
3,2010,250053,1,Alcantil,5239,19.09
4,2010,250057,1,Algodão de Jandaíra,2366,42.27
5,2010,250060,8,Alhandra,18007,44.43
6,2010,250070,1,São João do Rio do Peixe,18201,5.49
7,2010,250073,1,Amparo,2088,47.89
8,2010,250080,1,Araçagi,17224,5.81
9,2010,250090,3,Arara,12653,23.71
10,2010,250100,1,Araruna,18879,5.3
11,2010,250110,4,Areia,23829,16.79
12,2010,250115,1,Areia de Baraúnas,1927,51.89
13,2010,250130,3,Aroeiras,19082,15.72
14,2010,250140,1,Baía da Traição,8012,12.48
15,2010,250150,6,Bananeiras,21851,27.46
16,2010,250157,3,Barra de Santana,8206,36.56
17,2010,250160,4,Barra de Santa Rosa,14157,28.25
18,2010,250180,56,Bayeux,99716,56.16
19,2010,250240,1,Bonito de Santa Fé,10804,9.26
20,2010,250250,8,Boqueirão,16888,47.37
21,2010,250280,6,Brejo do Cruz,13123,45.72
22,2010,250290,5,Brejo dos Santos,6198,80.67
23,2010,250300,9,Caaporã,20362,44.2
24,2010,250320,54,Cabedelo,57944,93.19
25,2010,250330,1,Cachoeira dos Índios,9546,10.48
26,2010,250350,1,Cacimba de Dentro,16748,5.97
27,2010,250355,1,Cacimbas,6814,14.68
28,2010,250370,6,Cajazeiras,58446,10.27
29,2010,250400,215,Campina Grande,385213,55.81
30,2010,250403,1,Capim,5601,17.85
31,2010,250415,1,Casserengue,7058,14.17
32,2010,250430,5,Catolé do Rocha,28759,17.39
33,2010,250440,2,Conceição,18363,10.89
34,2010,250460,12,Conde,21400,56.07
35,2010,250470,2,Congo,4687,42.67
36,2010,250480,1,Coremas,15149,6.6
37,2010,250500,1,Cubati,6866,14.56
38,2010,250510,1,Cuité,19978,5.01
39,2010,250520,1,Cuitegi,6889,14.52
40,2010,250530,4,Curral Velho,2505,159.68
41,2010,250540,1,Desterro,7991,12.51
42,2010,250570,1,Dona Inês,10517,9.51
43,2010,250600,4,Esperança,31095,12.86
44,2010,250610,1,Fagundes,11405,8.77
45,2010,250625,2,Gado Bravo,8376,23.88
46,2010,250630,14,Guarabira,55326,25.3
47,2010,250640,1,Gurinhém,13872,7.21
48,2010,250660,4,Ibiara,6031,66.32
49,2010,250680,2,Ingá,18180,11.0
50,2010,250690,4,Itabaiana,24481,16.34
51,2010,250700,3,Itaporanga,23192,12.94
52,2010,250710,3,Itapororoca,16997,17.65
53,2010,250720,1,Itatuba,10201,9.8
54,2010,250730,1,Jacaraú,13942,7.17
55,2010,250740,2,Jericó,7538,26.53
56,2010,250750,556,João Pessoa,723515,76.85
57,2010,250770,2,Juazeirinho,16776,11.92
58,2010,250780,1,Junco do Seridó,6643,15.05
59,2010,250820,1,Lagoa de Dentro,7370,13.57
60,2010,250830,6,Lagoa Seca,25900,23.17
61,2010,250850,1,Livramento,7164,13.96
62,2010,250860,7,Lucena,11730,59.68
63,2010,250890,10,Mamanguape,42303,23.64
64,2010,250900,2,Manaíra,10759,18.59
65,2010,250910,5,Mari,21176,23.61
66,2010,250920,1,Massaranduba,12902,7.75
67,2010,250930,1,Mataraca,7407,13.5
68,2010,250940,2,Mogeiro,12491,16.01
69,2010,250970,2,Monteiro,30852,6.48
70,2010,250980,3,Mulungu,9469,31.68
71,2010,250990,2,Natuba,10566,18.93
72,2010,251010,1,Nova Floresta,10533,9.49
73,2010,251020,1,Nova Olinda,6070,16.47
74,2010,251040,3,Olho d'Água,6931,43.28
75,2010,251080,48,Patos,100674,47.68
76,2010,251090,2,Paulista,11788,16.97
77,2010,251120,10,Pedras de Fogo,27032,36.99
78,2010,251150,2,Pilar,11191,17.87
79,2010,251160,1,Pilões,6978,14.33
80,2010,251180,2,Pirpirituba,10326,19.37
81,2010,251190,6,Pitimbu,17024,35.24
82,2010,251200,3,Pocinhos,17032,17.61
83,2010,251210,2,Pombal,32110,6.23
84,2010,251230,2,Princesa Isabel,21283,9.4
85,2010,251240,3,Puxinanã,12923,23.21
86,2010,251250,7,Queimadas,41049,17.05
87,2010,251270,2,Remígio,17581,11.38
88,2010,251274,1,Riachão,3266,30.62
89,2010,251280,1,Riacho dos Cavalos,8314,12.03
90,2010,251290,5,Rio Tinto,22976,21.76
91,2010,251310,1,Salgado de São Félix,11976,8.35
92,2010,251315,1,Santa Cecília,6658,15.02
93,2010,251330,1,Santa Helena,5369,18.63
94,2010,251335,2,Santa Inês,3539,56.51
95,2010,251350,2,Santana de Mangueira,5331,37.52
96,2010,251360,1,Santana dos Garrotes,7266,13.76
97,2010,251370,74,Santa Rita,120310,61.51
98,2010,251380,2,Santa Teresinha,4581,43.66
99,2010,251390,12,São Bento,30879,38.86
100,2010,251410,2,São João do Tigre,4396,45.5
101,2010,251440,1,São José de Espinharas,4760,21.01
102,2010,251445,1,São José dos Ramos,5508,18.16
103,2010,251450,1,São José de Piranhas,19096,5.24
104,2010,251455,1,São José de Princesa,4219,23.7
105,2010,251460,1,São José do Bonfim,3233,30.93
106,2010,251480,1,São José dos Cordeiros,3985,25.09
107,2010,251490,1,São Mamede,7748,12.91
108,2010,251510,6,São Sebastião de Lagoa de Roça,11041,54.34
109,2010,251530,13,Sapé,50143,25.93
110,2010,251550,2,Serra Branca,12973,15.42
111,2010,251610,1,Soledade,13739,7.28
112,2010,251620,4,Sousa,65803,6.08
113,2010,251640,2,Tacima,10262,19.49
114,2010,251650,2,Taperoá,14936,13.39
115,2010,251660,1,Tavares,14103,7.09
116,2010,251670,5,Teixeira,14153,35.33
117,2010,251690,1,Uiraúna,14584,6.86
118,2010,251700,5,Umbuzeiro,9298,53.78
119,2011,250010,1,Água Branca,9531,10.49
120,2011,250030,2,Alagoa Grande,28426,7.04
121,2011,250040,4,Alagoa Nova,19766,20.24
122,2011,250050,2,Alagoinha,13659,14.64
123,2011,250060,8,Alhandra,18168,44.03
124,2011,250077,1,Aparecida,7755,12.89
125,2011,250080,1,Araçagi,17157,5.83
126,2011,250090,3,Arara,12738,23.55
127,2011,250100,3,Araruna,19054,15.74
128,2011,250110,2,Areia,23652,8.46
129,2011,250130,5,Aroeiras,19048,26.25
130,2011,250140,3,Baía da Traição,8129,36.9
131,2011,250150,3,Bananeiras,21801,13.76
132,2011,250153,1,Baraúna,4301,23.25
133,2011,250157,1,Barra de Santana,8198,12.2
134,2011,250170,1,Barra de São Miguel,5645,17.71
135,2011,250180,50,Bayeux,100136,49.93
136,2011,250190,3,Belém,17130,17.51
137,2011,250200,1,Belém do Brejo do Cruz,7153,13.98
138,2011,250220,1,Bom Jesus,2416,41.39
139,2011,250250,2,Boqueirão,16966,11.79
140,2011,250280,4,Brejo do Cruz,13219,30.26
141,2011,250290,3,Brejo dos Santos,6217,48.25
142,2011,250300,3,Caaporã,20509,14.63
143,2011,250320,69,Cabedelo,59104,116.74
144,2011,250350,3,Cacimba de Dentro,16743,17.92
145,2011,250360,4,Caiçara,7212,55.46
146,2011,250370,2,Cajazeiras,58793,3.4
147,2011,250380,1,Caldas Brandão,5674,17.62
148,2011,250390,1,Camalaú,5771,17.33
149,2011,250400,195,Campina Grande,387643,50.3
150,2011,250403,2,Capim,5710,35.03
151,2011,250415,2,Casserengue,7096,28.18
152,2011,250430,12,Catolé do Rocha,28922,41.49
153,2011,250435,1,Caturité,4571,21.88
154,2011,250440,2,Conceição,18396,10.87
155,2011,250450,1,Condado,6591,15.17
156,2011,250460,20,Conde,21783,91.81
157,2011,250480,3,Coremas,15150,19.8
158,2011,250490,5,Cruz do Espírito Santo,16157,30.95
159,2011,250510,2,Cuité,19980,10.01
160,2011,250520,1,Cuitegi,6861,14.58
161,2011,250527,1,Curral de Cima,5200,19.23
162,2011,250540,2,Desterro,8013,24.96
163,2011,250560,1,Diamante,6593,15.17
164,2011,250570,1,Dona Inês,10476,9.55
165,2011,250580,1,Duas Estradas,3624,27.59
166,2011,250600,2,Esperança,31320,6.39
167,2011,250610,2,Fagundes,11368,17.59
168,2011,250630,19,Guarabira,55657,34.14
169,2011,250640,4,Gurinhém,13875,28.83
170,2011,250680,3,Ingá,18234,16.45
171,2011,250690,7,Itabaiana,24425,28.66
172,2011,250700,2,Itaporanga,23351,8.56
173,2011,250710,3,Itapororoca,17178,17.46
174,2011,250730,3,Jacaraú,13967,21.48
175,2011,250750,623,João Pessoa,733154,84.98
176,2011,250760,1,Juarez Távora,7505,13.32
177,2011,250770,4,Juazeirinho,16922,23.64
178,2011,250790,1,Juripiranga,10282,9.73
179,2011,250800,1,Juru,9809,10.19
180,2011,250830,10,Lagoa Seca,26034,38.41
181,2011,250850,1,Livramento,7176,13.94
182,2011,250860,5,Lucena,11882,42.08
183,2011,250870,1,Mãe d'Água,4009,24.94
184,2011,250880,1,Malta,5607,17.83
185,2011,250890,14,Mamanguape,42602,32.86
186,2011,250900,1,Manaíra,10781,9.28
187,2011,250905,2,Marcação,7717,25.92
188,2011,250910,18,Mari,21215,84.85
189,2011,250920,1,Massaranduba,12994,7.7
190,2011,250930,1,Mataraca,7526,13.29
191,2011,250933,1,Matinhas,4339,23.05
192,2011,250939,2,Maturéia,6009,33.28
193,2011,250940,1,Mogeiro,12468,8.02
194,2011,250950,2,Montadas,5068,39.46
195,2011,250970,5,Monteiro,31095,16.08
196,2011,250980,2,Mulungu,9506,21.04
197,2011,250990,3,Natuba,10566,28.39
198,2011,251010,6,Nova Floresta,10523,57.02
199,2011,251030,1,Nova Palmeira,4421,22.62
200,2011,251060,1,Ouro Velho,2936,34.06
201,2011,251065,1,Parari,1242,80.52
202,2011,251070,2,Passagem,2252,88.81
203,2011,251080,59,Patos,101358,58.21
204,2011,251120,12,Pedras de Fogo,27389,43.81
205,2011,251130,4,Piancó,15511,25.79
206,2011,251140,2,Picuí,18247,10.96
207,2011,251150,2,Pilar,11261,17.76
208,2011,251160,1,Pilões,6915,14.46
209,2011,251170,1,Pilõezinhos,5134,19.48
210,2011,251180,4,Pirpirituba,10336,38.7
211,2011,251190,10,Pitimbu,17262,57.93
212,2011,251200,3,Pocinhos,17197,17.44
213,2011,251210,5,Pombal,32122,15.57
214,2011,251230,4,Princesa Isabel,21517,18.59
215,2011,251240,5,Puxinanã,12995,38.48
216,2011,251250,8,Queimadas,41297,19.37
217,2011,251270,2,Remígio,17786,11.24
218,2011,251272,1,Pedro Régis,5795,17.26
219,2011,251275,2,Riachão do Bacamarte,4288,46.64
220,2011,251280,2,Riacho dos Cavalos,8333,24.0
221,2011,251290,8,Rio Tinto,23027,34.74
222,2011,251320,1,Santa Cruz,6471,15.45
223,2011,251330,1,Santa Helena,5352,18.68
224,2011,251370,110,Santa Rita,121166,90.78
225,2011,251390,15,São Bento,31236,48.02
226,2011,251410,1,São João do Tigre,4389,22.78
227,2011,251420,1,São José da Lagoa Tapada,7562,13.22
228,2011,251440,1,São José de Espinharas,4733,21.13
229,2011,251445,1,São José dos Ramos,5555,18.0
230,2011,251450,1,São José de Piranhas,19190,5.21
231,2011,251460,1,São José do Bonfim,3268,30.6
232,2011,251480,3,São José dos Cordeiros,3973,75.51
233,2011,251490,1,São Mamede,7727,12.94
234,2011,251500,2,São Miguel de Taipu,6743,29.66
235,2011,251510,5,São Sebastião de Lagoa de Roça,11119,44.97
236,2011,251530,23,Sapé,50357,45.67
237,2011,251540,2,Seridó,10316,19.39
238,2011,251550,3,Serra Branca,13038,23.01
239,2011,251560,1,Serra da Raiz,3186,31.39
240,2011,251590,1,Serraria,6206,16.11
241,2011,251597,1,Sobrado,7410,13.5
242,2011,251600,1,Solânea,26505,3.77
243,2011,251620,13,Sousa,66135,19.66
244,2011,251630,2,Sumé,16139,12.39
245,2011,251650,2,Taperoá,15015,13.32
246,2011,251660,1,Tavares,14143,7.07
247,2011,251670,3,Teixeira,14254,21.05
248,2011,251690,3,Uiraúna,14653,20.47
249,2011,251700,1,Umbuzeiro,9306,10.75
250,2011,251720,1,Vieirópolis,5074,19.71
251,2012,250000,9,1,1,900000.0
252,2012,250030,4,Alagoa Grande,28375,14.1
253,2012,250040,3,Alagoa Nova,19849,15.11
254,2012,250053,1,Alcantil,5282,18.93
255,2012,250060,7,Alhandra,18324,38.2
256,2012,250070,1,São João do Rio do Peixe,17646,5.67
257,2012,250080,2,Araçagi,17093,11.7
258,2012,250090,2,Arara,12820,15.6
259,2012,250100,1,Araruna,19076,5.24
260,2012,250110,3,Areia,23391,12.83
261,2012,250130,4,Aroeiras,19016,21.03
262,2012,250140,1,Baía da Traição,8243,12.13
263,2012,250150,6,Bananeiras,21753,27.58
264,2012,250153,1,Baraúna,4379,22.84
265,2012,250160,1,Barra de Santa Rosa,14413,6.94
266,2012,250180,44,Bayeux,100543,43.76
267,2012,250190,4,Belém,17167,23.3
268,2012,250200,2,Belém do Brejo do Cruz,7163,27.92
269,2012,250215,1,Boa Vista,6415,15.59
270,2012,250230,1,Bom Sucesso,4998,20.01
271,2012,250240,1,Bonito de Santa Fé,11042,9.06
272,2012,250250,4,Boqueirão,17043,23.47
273,2012,250270,2,Borborema,5169,38.69
274,2012,250280,7,Brejo do Cruz,13313,52.58
275,2012,250290,1,Brejo dos Santos,6236,16.04
276,2012,250300,6,Caaporã,20653,29.05
277,2012,250320,49,Cabedelo,60226,81.36
278,2012,250350,1,Cacimba de Dentro,16885,5.92
279,2012,250370,4,Cajazeiras,59130,6.76
280,2012,250375,1,Cajazeirinhas,3061,32.67
281,2012,250380,1,Caldas Brandão,5710,17.51
282,2012,250390,3,Camalaú,5793,51.79
283,2012,250400,200,Campina Grande,389995,51.28
284,2012,250403,1,Capim,5816,17.19
285,2012,250407,1,Caraúbas,3951,25.31
286,2012,250415,1,Casserengue,7132,14.02
287,2012,250420,2,Catingueira,4822,41.48
288,2012,250430,4,Catolé do Rocha,29079,13.76
289,2012,250435,1,Caturité,4598,21.75
290,2012,250440,1,Conceição,18429,5.43
291,2012,250450,2,Condado,6598,30.31
292,2012,250460,20,Conde,22154,90.28
293,2012,250480,4,Coremas,15152,26.4
294,2012,250485,1,Coxixola,1802,55.49
295,2012,250490,3,Cruz do Espírito Santo,16317,18.39
296,2012,250500,1,Cubati,6939,14.41
297,2012,250510,1,Cuité,19983,5.0
298,2012,250520,1,Cuitegi,6834,14.63
299,2012,250540,1,Desterro,8035,12.45
300,2012,250550,1,Vista Serrana,3572,28.0
301,2012,250570,2,Dona Inês,10438,19.16
302,2012,250600,4,Esperança,31538,12.68
303,2012,250610,2,Fagundes,11332,17.65
304,2012,250630,18,Guarabira,55977,32.16
305,2012,250640,1,Gurinhém,13877,7.21
306,2012,250670,1,Imaculada,11423,8.75
307,2012,250680,5,Ingá,17555,28.48
308,2012,250690,3,Itabaiana,24372,12.31
309,2012,250700,4,Itaporanga,23505,17.02
310,2012,250710,1,Itapororoca,17354,5.76
311,2012,250750,553,João Pessoa,742478,74.48
312,2012,250760,4,Juarez Távora,7550,52.98
313,2012,250780,1,Junco do Seridó,6745,14.83
314,2012,250790,2,Juripiranga,10327,19.37
315,2012,250800,1,Juru,9793,10.21
316,2012,250820,1,Lagoa de Dentro,7413,13.49
317,2012,250830,7,Lagoa Seca,26164,26.75
318,2012,250860,6,Lucena,12029,49.88
319,2012,250870,2,Mãe d'Água,3999,50.01
320,2012,250890,13,Mamanguape,42537,30.56
321,2012,250900,3,Manaíra,10803,27.77
322,2012,250905,4,Marcação,7822,51.14
323,2012,250910,18,Mari,21254,84.69
324,2012,250915,1,Marizópolis,6257,15.98
325,2012,250920,3,Massaranduba,13084,22.93
326,2012,250930,1,Mataraca,7641,13.09
327,2012,250933,1,Matinhas,4357,22.95
328,2012,250940,1,Mogeiro,13178,7.59
329,2012,250950,1,Montadas,5145,19.44
330,2012,250970,4,Monteiro,31330,12.77
331,2012,250980,1,Mulungu,9542,10.48
332,2012,250990,1,Natuba,10278,9.73
333,2012,251010,3,Nova Floresta,10514,28.53
334,2012,251030,1,Nova Palmeira,4480,22.32
335,2012,251060,2,Ouro Velho,2944,67.93
336,2012,251080,75,Patos,102020,73.51
337,2012,251110,2,Pedra Lavrada,7605,26.3
338,2012,251120,5,Pedras de Fogo,27479,18.2
339,2012,251130,1,Piancó,15555,6.43
340,2012,251140,1,Picuí,18272,5.47
341,2012,251150,2,Pilar,11330,17.65
342,2012,251170,1,Pilõezinhos,5114,19.55
343,2012,251180,1,Pirpirituba,10346,9.67
344,2012,251190,3,Pitimbu,17492,17.15
345,2012,251200,4,Pocinhos,17357,23.05
346,2012,251203,1,Poço Dantas,3740,26.74
347,2012,251210,2,Pombal,32134,6.22
348,2012,251220,1,Prata,3919,25.52
349,2012,251230,3,Princesa Isabel,21744,13.8
350,2012,251240,3,Puxinanã,13066,22.96
351,2012,251250,5,Queimadas,41538,12.04
352,2012,251270,3,Remígio,18075,16.6
353,2012,251274,1,Riachão,3338,29.96
354,2012,251276,1,Riachão do Poço,4235,23.61
355,2012,251290,10,Rio Tinto,23431,42.68
356,2012,251310,1,Salgado de São Félix,11966,8.36
357,2012,251335,1,Santa Inês,3538,28.26
358,2012,251340,1,Santa Luzia,14826,6.74
359,2012,251350,2,Santana de Mangueira,5265,37.99
360,2012,251360,1,Santana dos Garrotes,7173,13.94
361,2012,251370,129,Santa Rita,121994,105.74
362,2012,251390,12,São Bento,31582,38.0
363,2012,251410,1,São João do Tigre,4384,22.81
364,2012,251445,1,São José dos Ramos,5600,17.86
365,2012,251450,1,São José de Piranhas,19281,5.19
366,2012,251480,1,São José dos Cordeiros,3709,26.96
367,2012,251500,4,São Miguel de Taipu,6789,58.92
368,2012,251510,3,São Sebastião de Lagoa de Roça,11195,26.8
369,2012,251520,1,São Sebastião do Umbuzeiro,3287,30.42
370,2012,251530,17,Sapé,50565,33.62
371,2012,251540,1,Seridó,10400,9.62
372,2012,251550,3,Serra Branca,13101,22.9
373,2012,251597,5,Sobrado,7447,67.14
374,2012,251600,5,Solânea,26323,18.99
375,2012,251610,2,Soledade,13993,14.29
376,2012,251620,9,Sousa,66457,13.54
377,2012,251630,4,Sumé,16215,24.67
378,2012,251640,1,Tacima ,10394,9.62
379,2012,251660,1,Tavares,14182,7.05
380,2012,251670,1,Teixeira,14352,6.97
381,2012,251680,1,Triunfo,9246,10.82
382,2012,251690,6,Uiraúna,14721,40.76
383,2012,251700,1,Umbuzeiro,9698,10.31
384,2012,251710,1,Várzea,2573,38.87
385,2013,250000,3,1,1,300000.0
386,2013,250010,1,Água Branca,9893,10.11
387,2013,250030,8,Alagoa Grande,28733,27.84
388,2013,250040,7,Alagoa Nova,20294,34.49
389,2013,250050,4,Alagoinha,14088,28.39
390,2013,250053,1,Alcantil,5398,18.53
391,2013,250057,1,Algodão de Jandaíra,2446,40.88
392,2013,250060,12,Alhandra,18868,63.6
393,2013,250070,1,São João do Rio do Peixe,17917,5.58
394,2013,250073,1,Amparo,2176,45.96
395,2013,250077,1,Aparecida,8081,12.37
396,2013,250080,4,Araçagi,17252,23.19
397,2013,250090,7,Arara,13157,53.2
398,2013,250100,2,Araruna,19653,10.18
399,2013,250110,2,Areia,23472,8.52
400,2013,250120,1,Areial,6819,14.66
401,2013,250130,4,Aroeiras,19259,20.77
402,2013,250135,1,Assunção,3732,26.8
403,2013,250140,1,Baía da Traição,8561,11.68
404,2013,250150,2,Bananeiras,22012,9.09
405,2013,250160,1,Barra de Santa Rosa,14847,6.74
406,2013,250180,41,Bayeux,95196,43.07
407,2013,250190,4,Belém,17495,22.86
408,2013,250200,1,Belém do Brejo do Cruz,7291,13.72
409,2013,250240,1,Bonito de Santa Fé,11409,8.77
410,2013,250250,8,Boqueirão,17434,45.89
411,2013,250260,1,Igaracy,6210,16.1
412,2013,250270,1,Borborema,5297,18.88
413,2013,250280,11,Brejo do Cruz,13676,80.43
414,2013,250290,9,Brejo dos Santos,6364,141.42
415,2013,250300,5,Caaporã,21212,23.57
416,2013,250320,31,Cabedelo,63035,49.18
417,2013,250350,3,Cacimba de Dentro,17141,17.5
418,2013,250355,1,Cacimbas,7035,14.21
419,2013,250360,1,Caiçara,7304,13.69
420,2013,250370,9,Cajazeiras,60612,14.85
421,2013,250375,1,Cajazeirinhas,3131,31.94
422,2013,250380,1,Caldas Brandão,5859,17.07
423,2013,250400,222,Campina Grande,400002,55.5
424,2013,250403,4,Capim,6082,65.77
425,2013,250415,1,Casserengue,7304,13.69
426,2013,250430,4,Catolé do Rocha,29794,13.43
427,2013,250440,4,Conceição,18769,21.31
428,2013,250460,23,Conde,23115,99.5
429,2013,250470,2,Congo,4770,41.93
430,2013,250480,3,Coremas,15391,19.49
431,2013,250490,2,Cruz do Espírito Santo,16836,11.88
432,2013,250500,1,Cubati,7106,14.07
433,2013,250510,3,Cuité,20299,14.78
434,2013,250520,1,Cuitegi,6895,14.5
435,2013,250523,2,Cuité de Mamanguape,6321,31.64
436,2013,250530,1,Curral Velho,2529,39.54
437,2013,250540,1,Desterro,8196,12.2
438,2013,250560,1,Diamante,6636,15.07
439,2013,250570,3,Dona Inês,10535,28.48
440,2013,250590,1,Emas,3439,29.08
441,2013,250600,4,Esperança,32264,12.4
442,2013,250610,4,Fagundes,11449,34.94
443,2013,250625,1,Gado Bravo,8466,11.81
444,2013,250630,21,Guarabira,57383,36.6
445,2013,250640,4,Gurinhém,14098,28.37
446,2013,250670,1,Imaculada,11659,8.58
447,2013,250680,4,Ingá,17912,22.33
448,2013,250690,3,Itabaiana,24663,12.16
449,2013,250700,2,Itaporanga,24128,8.29
450,2013,250710,2,Itapororoca,17918,11.16
451,2013,250720,2,Itatuba,10590,18.89
452,2013,250730,3,Jacaraú,14248,21.06
453,2013,250750,549,João Pessoa,769607,71.34
454,2013,250760,3,Juarez Távora,7742,38.75
455,2013,250770,1,Juazeirinho,17565,5.69
456,2013,250790,1,Juripiranga,10560,9.47
457,2013,250800,1,Juru,9919,10.08
458,2013,250830,5,Lagoa Seca,26788,18.67
459,2013,250840,1,Lastro,2809,35.6
460,2013,250850,1,Livramento,7320,13.66
461,2013,250860,6,Lucena,12460,48.15
462,2013,250870,1,Mãe d'Água,4044,24.73
463,2013,250890,7,Mamanguape,43678,16.03
464,2013,250900,1,Manaíra,11007,9.09
465,2013,250910,11,Mari,21648,50.81
466,2013,250920,2,Massaranduba,13438,14.88
467,2013,250937,1,Mato Grosso,2821,35.45
468,2013,250950,3,Montadas,5351,56.06
469,2013,250960,1,Monte Horebe,4688,21.33
470,2013,250970,2,Monteiro,32211,6.21
471,2013,250980,5,Mulungu,9750,51.28
472,2013,250990,2,Natuba,10439,19.16
473,2013,251010,4,Nova Floresta,10661,37.52
474,2013,251040,1,Olho d'Água,6790,14.73
475,2013,251080,61,Patos,104716,58.25
476,2013,251090,2,Paulista,12117,16.51
477,2013,251100,2,Pedra Branca,3787,52.81
478,2013,251110,2,Pedra Lavrada,7830,25.54
479,2013,251120,4,Pedras de Fogo,28056,14.26
480,2013,251130,3,Piancó,15870,18.9
481,2013,251140,4,Picuí,18597,21.51
482,2013,251150,5,Pilar,11620,43.03
483,2013,251180,1,Pirpirituba,10523,9.5
484,2013,251190,10,Pitimbu,18148,55.1
485,2013,251200,4,Pocinhos,17894,22.35
486,2013,251210,13,Pombal,32654,39.81
487,2013,251220,1,Prata,4033,24.8
488,2013,251230,6,Princesa Isabel,22461,26.71
489,2013,251240,2,Puxinanã,13386,14.94
490,2013,251250,4,Queimadas,42586,9.39
491,2013,251270,3,Remígio,18686,16.05
492,2013,251276,2,Riachão do Poço,4359,45.88
493,2013,251280,3,Riacho dos Cavalos,8513,35.24
494,2013,251290,8,Rio Tinto,23883,33.5
495,2013,251340,2,Santa Luzia,15145,13.21
496,2013,251350,1,Santana de Mangueira,5292,18.9
497,2013,251370,124,Santa Rita,132871,93.32
498,2013,251390,17,São Bento,32651,52.07
499,2013,251392,1,São Bentinho,4355,22.96
500,2013,251394,1,São Domingos do Cariri,2522,39.65
501,2013,251410,2,São João do Tigre,4442,45.02
502,2013,251420,1,São José da Lagoa Tapada,7674,13.03
503,2013,251445,1,São José dos Ramos,5762,17.36
504,2013,251450,1,São José de Piranhas,19732,5.07
505,2013,251455,1,São José de Princesa,4077,24.53
506,2013,251480,1,São José dos Cordeiros,3749,26.67
507,2013,251490,1,São Mamede,7794,12.83
508,2013,251500,1,São Miguel de Taipu,6970,14.35
509,2013,251510,4,São Sebastião de Lagoa de Roça,11495,34.8
510,2013,251530,13,Sapé,51700,25.15
511,2013,251540,1,Seridó,10701,9.34
512,2013,251550,2,Serra Branca,13409,14.92
513,2013,251580,1,Serra Redonda,7089,14.11
514,2013,251590,1,Serraria,6218,16.08
515,2013,251593,1,Sertãozinho,4728,21.15
516,2013,251597,1,Sobrado,7623,13.12
517,2013,251600,10,Solânea,26431,37.83
518,2013,251610,5,Soledade,14418,34.68
519,2013,251615,1,Sossêgo,3376,29.62
520,2013,251620,10,Sousa,68030,14.7
521,2013,251650,1,Taperoá,15190,6.58
522,2013,251660,1,Tavares,14467,6.91
523,2013,251670,4,Teixeira,14739,27.14
524,2013,251690,2,Uiraúna,15062,13.28
525,2013,251700,3,Umbuzeiro,9862,30.42
526,2014,250000,3,1,1,300000.0
527,2014,250030,3,Alagoa Grande,28689,10.46
528,2014,250040,5,Alagoa Nova,20399,24.51
529,2014,250050,3,Alagoinha,14188,21.14
530,2014,250053,1,Alcantil,5425,18.43
531,2014,250060,17,Alhandra,19057,89.21
532,2014,250080,3,Araçagi,17186,17.46
533,2014,250090,1,Arara,13258,7.54
534,2014,250100,5,Araruna,19855,25.18
535,2014,250110,3,Areia,23288,12.88
536,2014,250120,1,Areial,6860,14.58
537,2014,250130,6,Aroeiras,19231,31.2
538,2014,250140,2,Baía da Traição,8696,23.0
539,2014,250150,3,Bananeiras,21276,14.1
540,2014,250157,1,Barra de Santana,8300,12.05
541,2014,250160,1,Barra de Santa Rosa,14999,6.67
542,2014,250180,42,Bayeux,95677,43.9
543,2014,250190,5,Belém,17545,28.5
544,2014,250200,3,Belém do Brejo do Cruz,7306,41.06
545,2014,250205,1,Bernardino Batista,3312,30.19
546,2014,250215,2,Boa Vista,6779,29.5
547,2014,250220,1,Bom Jesus,2514,39.78
548,2014,250230,2,Bom Sucesso,5025,39.8
549,2014,250240,1,Bonito de Santa Fé,11549,8.66
550,2014,250250,6,Boqueirão,17530,34.23
551,2014,250270,1,Borborema,5332,18.75
552,2014,250280,2,Brejo do Cruz,13790,14.5
553,2014,250290,4,Brejo dos Santos,6389,62.61
554,2014,250300,8,Caaporã,21387,37.41
555,2014,250310,1,Cabaceiras,5386,18.57
556,2014,250320,18,Cabedelo,64360,27.97
557,2014,250330,1,Cachoeira dos Índios,10034,9.97
558,2014,250350,3,Cacimba de Dentro,17145,17.5
559,2014,250355,1,Cacimbas,7075,14.13
560,2014,250360,1,Caiçara,7298,13.7
561,2014,250370,11,Cajazeiras,61030,18.02
562,2014,250380,1,Caldas Brandão,5903,16.94
563,2014,250390,1,Camalaú,5945,16.82
564,2014,250400,213,Campina Grande,402912,52.87
565,2014,250403,3,Capim,6206,48.34
566,2014,250407,1,Caraúbas,4085,24.48
567,2014,250415,2,Casserengue,7350,27.21
568,2014,250420,1,Catingueira,4912,20.36
569,2014,250430,9,Catolé do Rocha,29990,30.01
570,2014,250435,1,Caturité,4747,21.07
571,2014,250440,7,Conceição,18816,37.2
572,2014,250450,1,Condado,6722,14.88
573,2014,250460,26,Conde,23554,110.38
574,2014,250470,3,Congo,4775,62.83
575,2014,250480,3,Coremas,15400,19.48
576,2014,250485,1,Coxixola,1874,53.36
577,2014,250490,4,Cruz do Espírito Santo,17028,23.49
578,2014,250510,1,Cuité,20312,4.92
579,2014,250520,2,Cuitegi,6867,29.12
580,2014,250535,2,Damião,5195,38.5
581,2014,250540,2,Desterro,8225,24.32
582,2014,250560,1,Diamante,6613,15.12
583,2014,250570,3,Dona Inês,10495,28.59
584,2014,250590,2,Emas,3463,57.75
585,2014,250600,8,Esperança,32530,24.59
586,2014,250620,1,Frei Martinho,2984,33.51
587,2014,250625,2,Gado Bravo,8458,23.65
588,2014,250630,19,Guarabira,57780,32.88
589,2014,250640,2,Gurinhém,14107,14.18
590,2014,250670,1,Imaculada,11705,8.54
591,2014,250680,3,Ingá,17978,16.69
592,2014,250690,11,Itabaiana,24613,44.69
593,2014,250700,4,Itaporanga,24317,16.45
594,2014,250710,1,Itapororoca,18129,5.52
595,2014,250730,3,Jacaraú,14283,21.0
596,2014,250750,520,João Pessoa,780738,66.6
597,2014,250770,3,Juazeirinho,17737,16.91
598,2014,250790,2,Juripiranga,10616,18.84
599,2014,250800,1,Juru,9906,10.09
600,2014,250810,1,Lagoa,4698,21.29
601,2014,250830,15,Lagoa Seca,26950,55.66
602,2014,250850,1,Livramento,7338,13.63
603,2014,250855,1,Logradouro,4206,23.78
604,2014,250860,8,Lucena,12635,63.32
605,2014,250870,1,Mãe d'Água,4035,24.78
606,2014,250890,16,Mamanguape,44030,36.34
607,2014,250900,3,Manaíra,11037,27.18
608,2014,250905,3,Marcação,8241,36.4
609,2014,250910,6,Mari,21703,27.65
610,2014,250915,1,Marizópolis,6473,15.45
611,2014,250920,2,Massaranduba,13548,14.76
612,2014,250930,1,Mataraca,8088,12.36
613,2014,250933,1,Matinhas,4475,22.35
614,2014,250937,1,Mato Grosso,2845,35.15
615,2014,250939,1,Maturéia,6363,15.72
616,2014,250940,1,Mogeiro,13333,7.5
617,2014,250960,1,Monte Horebe,4724,21.17
618,2014,250970,9,Monteiro,32498,27.69
619,2014,250980,7,Mulungu,9796,71.46
620,2014,251010,3,Nova Floresta,10655,28.16
621,2014,251050,1,Olivedos,3843,26.02
622,2014,251065,1,Parari,1809,55.28
623,2014,251070,1,Passagem,2361,42.35
624,2014,251080,54,Patos,105531,51.17
625,2014,251090,3,Paulista,12167,24.66
626,2014,251120,10,Pedras de Fogo,28174,35.49
627,2014,251130,3,Piancó,15929,18.83
628,2014,251140,2,Picuí,18634,10.73
629,2014,251150,7,Pilar,11705,59.8
630,2014,251160,2,Pilões,6793,29.44
631,2014,251180,4,Pirpirituba,10540,37.95
632,2014,251190,8,Pitimbu,18422,43.43
633,2014,251200,5,Pocinhos,18087,27.64
634,2014,251210,5,Pombal,32684,15.3
635,2014,251230,1,Princesa Isabel,22734,4.4
636,2014,251240,4,Puxinanã,13473,29.69
637,2014,251250,8,Queimadas,42884,18.65
638,2014,251270,9,Remígio,18922,47.56
639,2014,251272,2,Pedro Régis,5999,33.34
640,2014,251276,2,Riachão do Poço,4401,45.44
641,2014,251278,1,Riacho de Santo Antônio,1890,52.91
642,2014,251280,1,Riacho dos Cavalos,8538,11.71
643,2014,251290,9,Rio Tinto,23955,37.57
644,2014,251310,1,Salgado de São Félix,12144,8.23
645,2014,251315,1,Santa Cecília,6596,15.16
646,2014,251330,1,Santa Helena,5933,16.85
647,2014,251340,3,Santa Luzia,15213,19.72
648,2014,251350,5,Santana de Mangueira,5257,95.11
649,2014,251370,95,Santa Rita,133927,70.93
650,2014,251390,19,São Bento,33065,57.46
651,2014,251410,1,São João do Tigre,4437,22.54
652,2014,251420,1,São José da Lagoa Tapada,7675,13.03
653,2014,251450,2,São José de Piranhas,19846,10.08
654,2014,251460,2,São José do Bonfim,3452,57.94
655,2014,251500,2,São Miguel de Taipu,7026,28.47
656,2014,251510,5,São Sebastião de Lagoa de Roça,11588,43.15
657,2014,251520,1,São Sebastião do Umbuzeiro,3411,29.32
658,2014,251530,29,Sapé,51964,55.81
659,2014,251540,2,Seridó,10803,18.51
660,2014,251550,3,Serra Branca,13488,22.24
661,2014,251593,2,Sertãozinho,4811,41.57
662,2014,251597,7,Sobrado,7669,91.28
663,2014,251600,15,Solânea,26925,55.71
664,2014,251610,2,Soledade,14569,13.73
665,2014,251615,1,Sossêgo,3427,29.18
666,2014,251620,12,Sousa,68434,17.54
667,2014,251630,2,Sumé,16691,11.98
668,2014,251650,3,Taperoá,15284,19.63
669,2014,251660,1,Tavares,14518,6.89
670,2014,251670,2,Teixeira,14859,13.46
671,2014,251690,2,Uiraúna,15147,13.2
672,2014,251700,1,Umbuzeiro,9874,10.13
673,2015,250000,4,1,1,400000.0
674,2015,250010,1,Água Branca,10083,9.92
675,2015,250030,4,Alagoa Grande,28646,13.96
676,2015,250040,8,Alagoa Nova,20500,39.02
677,2015,250050,1,Alagoinha,14284,7.0
678,2015,250053,1,Alcantil,5451,18.35
679,2015,250057,2,Algodão de Jandaíra,2475,80.81
680,2015,250060,20,Alhandra,19238,103.96
681,2015,250070,3,São João do Rio do Peixe,17929,16.73
682,2015,250080,7,Araçagi,17122,40.88
683,2015,250090,5,Arara,13355,37.44
684,2015,250100,3,Araruna,20051,14.96
685,2015,250110,4,Areia,23110,17.31
686,2015,250130,6,Aroeiras,19204,31.24
687,2015,250135,1,Assunção,3830,26.11
688,2015,250140,7,Baía da Traição,8826,79.31
689,2015,250150,4,Bananeiras,21235,18.84
690,2015,250157,3,Barra de Santana,8249,36.37
691,2015,250170,1,Barra de São Miguel,5905,16.93
692,2015,250180,33,Bayeux,96140,34.32
693,2015,250190,2,Belém,17594,11.37
694,2015,250200,4,Belém do Brejo do Cruz,7320,54.64
695,2015,250210,1,Boa Ventura,5473,18.27
696,2015,250230,1,Bom Sucesso,5007,19.97
697,2015,250240,1,Bonito de Santa Fé,11684,8.56
698,2015,250250,6,Boqueirão,17670,33.96
699,2015,250280,6,Brejo do Cruz,13900,43.17
700,2015,250290,2,Brejo dos Santos,6413,31.19
701,2015,250300,10,Caaporã,21555,46.39
702,2015,250320,16,Cabedelo,65634,24.38
703,2015,250350,1,Cacimba de Dentro,17149,5.83
704,2015,250370,12,Cajazeiras,61431,19.53
705,2015,250380,4,Caldas Brandão,5945,67.28
706,2015,250400,193,Campina Grande,405072,47.65
707,2015,250403,2,Capim,6326,31.62
708,2015,250407,1,Caraúbas,4115,24.3
709,2015,250415,1,Casserengue,7394,13.52
710,2015,250430,13,Catolé do Rocha,30179,43.08
711,2015,250440,3,Conceição,18860,15.91
712,2015,250460,25,Conde,23975,104.28
713,2015,250470,1,Congo,4780,20.92
714,2015,250480,6,Coremas,15409,38.94
715,2015,250490,5,Cruz do Espírito Santo,17212,29.05
716,2015,250510,2,Cuité,20325,9.84
717,2015,250520,1,Cuitegi,6841,14.62
718,2015,250523,2,Cuité de Mamanguape,6340,31.55
719,2015,250527,1,Curral de Cima,5245,19.07
720,2015,250590,1,Emas,3485,28.69
721,2015,250600,8,Esperança,32785,24.4
722,2015,250610,3,Fagundes,11378,26.37
723,2015,250625,2,Gado Bravo,8450,23.67
724,2015,250630,19,Guarabira,58162,32.67
725,2015,250640,6,Gurinhém,14117,42.5
726,2015,250660,1,Ibiara,5974,16.74
727,2015,250670,1,Imaculada,11749,8.51
728,2015,250680,4,Ingá,18042,22.17
729,2015,250690,7,Itabaiana,24565,28.5
730,2015,250700,11,Itaporanga,24499,44.9
731,2015,250710,2,Itapororoca,18332,10.91
732,2015,250720,3,Itatuba,10739,27.94
733,2015,250730,1,Jacaraú,14316,6.99
734,2015,250750,510,João Pessoa,791438,64.44
735,2015,250770,6,Juazeirinho,17902,33.52
736,2015,250780,1,Junco do Seridó,7054,14.18
737,2015,250790,2,Juripiranga,10669,18.75
738,2015,250820,3,Lagoa de Dentro,7619,39.38
739,2015,250830,4,Lagoa Seca,27247,14.68
740,2015,250850,2,Livramento,7355,27.19
741,2015,250860,9,Lucena,12804,70.29
742,2015,250870,2,Mãe d'Água,4026,49.68
743,2015,250890,23,Mamanguape,44369,51.84
744,2015,250900,2,Manaíra,11066,18.07
745,2015,250905,1,Marcação,8361,11.96
746,2015,250910,5,Mari,21755,22.98
747,2015,250915,2,Marizópolis,6522,30.67
748,2015,250920,2,Massaranduba,13654,14.65
749,2015,250933,2,Matinhas,4497,44.47
750,2015,250970,11,Monteiro,32774,33.56
751,2015,250980,1,Mulungu,9840,10.16
752,2015,250990,1,Natuba,10450,9.57
753,2015,251000,1,Nazarezinho,7318,13.66
754,2015,251010,2,Nova Floresta,10650,18.78
755,2015,251040,1,Olho d'Água,6646,15.05
756,2015,251060,2,Ouro Velho,3023,66.16
757,2015,251065,1,Parari,1795,55.71
758,2015,251080,63,Patos,106314,59.26
759,2015,251090,4,Paulista,12216,32.74
760,2015,251110,3,Pedra Lavrada,7982,37.58
761,2015,251120,3,Pedras de Fogo,28286,10.61
762,2015,251140,5,Picuí,18670,26.78
763,2015,251150,4,Pilar,11786,33.94
764,2015,251160,1,Pilões,6728,14.86
765,2015,251180,1,Pirpirituba,10555,9.47
766,2015,251190,12,Pitimbu,18685,64.22
767,2015,251200,4,Pocinhos,18272,21.89
768,2015,251203,1,Poço Dantas,3778,26.47
769,2015,251210,8,Pombal,32712,24.46
770,2015,251230,2,Princesa Isabel,22995,8.7
771,2015,251240,3,Puxinanã,13557,22.13
772,2015,251250,6,Queimadas,43667,13.74
773,2015,251270,6,Remígio,19149,31.33
774,2015,251275,1,Riachão do Bacamarte,4476,22.34
775,2015,251280,3,Riacho dos Cavalos,8563,35.03
776,2015,251290,7,Rio Tinto,24023,29.14
777,2015,251310,2,Salgado de São Félix,12144,16.47
778,2015,251315,1,Santa Cecília,6583,15.19
779,2015,251335,1,Santa Inês,3594,27.82
780,2015,251340,1,Santa Luzia,15278,6.55
781,2015,251350,2,Santana de Mangueira,5223,38.29
782,2015,251360,1,Santana dos Garrotes,7113,14.06
783,2015,251365,1,Joca Claudino,2680,37.31
784,2015,251370,94,Santa Rita,134940,69.66
785,2015,251385,1,Santo André,2541,39.35
786,2015,251390,10,São Bento,33464,29.88
787,2015,251400,1,São João do Cariri,4323,23.13
788,2015,251410,1,São João do Tigre,4432,22.56
789,2015,251420,2,São José da Lagoa Tapada,7677,26.05
790,2015,251430,3,São José de Caiana,6231,48.15
791,2015,251440,1,São José de Espinharas,4684,21.35
792,2015,251445,2,São José dos Ramos,5870,34.07
793,2015,251450,2,São José de Piranhas,19956,10.02
794,2015,251490,1,São Mamede,7756,12.89
795,2015,251500,3,São Miguel de Taipu,7079,42.38
796,2015,251510,5,São Sebastião de Lagoa de Roça,11677,42.82
797,2015,251530,29,Sapé,52218,55.54
798,2015,251540,1,Seridó,10900,9.17
799,2015,251550,3,Serra Branca,13564,22.12
800,2015,251560,1,Serra da Raiz,3154,31.71
801,2015,251590,1,Serraria,6153,16.25
802,2015,251593,2,Sertãozinho,4892,40.88
803,2015,251600,3,Solânea,26734,11.22
804,2015,251610,8,Soledade,14714,54.37
805,2015,251620,23,Sousa,68822,33.42
806,2015,251630,5,Sumé,16784,29.79
807,2015,251640,2,Tacima,10822,18.48
808,2015,251650,3,Taperoá,15376,19.51
809,2015,251660,1,Tavares,14568,6.86
810,2015,251670,1,Teixeira,14974,6.68
811,2015,251690,3,Uiraúna,15228,19.7
812,2016,250000,2,1,1,200000.0
813,2016,250010,2,Água Branca,10172,19.66
814,2016,250020,2,Aguiar,5567,35.93
815,2016,250030,3,Alagoa Grande,28604,10.49
816,2016,250040,5,Alagoa Nova,20596,24.28
817,2016,250050,3,Alagoinha,14376,20.87
818,2016,250060,16,Alhandra,19412,82.42
819,2016,250070,2,São João do Rio do Peixe,17934,11.15
820,2016,250077,2,Aparecida,8348,23.96
821,2016,250080,3,Araçagi,17061,17.58
822,2016,250090,7,Arara,13448,52.05
823,2016,250100,5,Araruna,20237,24.71
824,2016,250110,7,Areia,22940,30.51
825,2016,250120,1,Areial,6938,14.41
826,2016,250130,8,Aroeiras,19178,41.71
827,2016,250135,1,Assunção,3876,25.8
828,2016,250140,1,Baía da Traição,8951,11.17
829,2016,250150,5,Bananeiras,21195,23.59
830,2016,250157,1,Barra de Santana,8245,12.13
831,2016,250160,3,Barra de Santa Rosa,15286,19.63
832,2016,250180,20,Bayeux,96583,20.71
833,2016,250190,3,Belém,17640,17.01
834,2016,250220,1,Bom Jesus,2550,39.22
835,2016,250230,2,Bom Sucesso,4989,40.09
836,2016,250240,1,Bonito de Santa Fé,11814,8.46
837,2016,250250,7,Boqueirão,17757,39.42
838,2016,250280,7,Brejo do Cruz,14006,49.98
839,2016,250290,3,Brejo dos Santos,6435,46.62
840,2016,250300,9,Caaporã,21717,41.44
841,2016,250310,2,Cabaceiras,5511,36.29
842,2016,250320,19,Cabedelo,66858,28.42
843,2016,250350,1,Cacimba de Dentro,17153,5.83
844,2016,250355,1,Cacimbas,7148,13.99
845,2016,250360,1,Caiçara,7288,13.72
846,2016,250370,15,Cajazeiras,61816,24.27
847,2016,250380,2,Caldas Brandão,5986,33.41
848,2016,250390,3,Camalaú,5996,50.03
849,2016,250400,178,Campina Grande,407754,43.65
850,2016,250403,1,Capim,6441,15.53
851,2016,250407,1,Caraúbas,4143,24.14
852,2016,250415,2,Casserengue,7436,26.9
853,2016,250430,17,Catolé do Rocha,30360,55.99
854,2016,250435,1,Caturité,4810,20.79
855,2016,250440,8,Conceição,18903,42.32
856,2016,250460,17,Conde,24380,69.73
857,2016,250470,2,Congo,4785,41.8
858,2016,250480,3,Coremas,15418,19.46
859,2016,250485,1,Coxixola,1909,52.38
860,2016,250490,4,Cruz do Espírito Santo,17389,23.0
861,2016,250500,2,Cubati,7234,27.65
862,2016,250510,1,Cuité,20337,4.92
863,2016,250520,1,Cuitegi,6815,14.67
864,2016,250540,1,Desterro,8280,12.08
865,2016,250570,2,Dona Inês,10419,19.2
866,2016,250580,1,Duas Estradas,3606,27.73
867,2016,250600,8,Esperança,33031,24.22
868,2016,250610,2,Fagundes,11345,17.63
869,2016,250620,1,Frei Martinho,2988,33.47
870,2016,250630,23,Guarabira,58529,39.3
871,2016,250640,5,Gurinhém,14126,35.4
872,2016,250660,1,Ibiara,5949,16.81
873,2016,250670,4,Imaculada,11792,33.92
874,2016,250680,4,Ingá,18105,22.09
875,2016,250690,8,Itabaiana,24519,32.63
876,2016,250700,2,Itaporanga,24674,8.11
877,2016,250710,4,Itapororoca,18527,21.59
878,2016,250720,1,Itatuba,10809,9.25
879,2016,250730,1,Jacaraú,14348,6.97
880,2016,250750,379,João Pessoa,801718,47.27
881,2016,250760,2,Juarez Távora,7901,25.31
882,2016,250770,7,Juazeirinho,18061,38.76
883,2016,250780,1,Junco do Seridó,7111,14.06
884,2016,250790,3,Juripiranga,10721,27.98
885,2016,250810,2,Lagoa,4676,42.77
886,2016,250820,1,Lagoa de Dentro,7645,13.08
887,2016,250830,6,Lagoa Seca,27398,21.9
888,2016,250850,3,Livramento,7371,40.7
889,2016,250860,9,Lucena,12965,69.42
890,2016,250870,1,Mãe d'Água,4017,24.89
891,2016,250890,17,Mamanguape,44694,38.04
892,2016,250900,1,Manaíra,11094,9.01
893,2016,250905,1,Marcação,8475,11.8
894,2016,250910,7,Mari,21806,32.1
895,2016,250915,4,Marizópolis,6569,60.89
896,2016,250920,1,Massaranduba,13755,7.27
897,2016,250930,2,Mataraca,8345,23.97
898,2016,250940,2,Mogeiro,13300,15.04
899,2016,250950,1,Montadas,5611,17.82
900,2016,250960,1,Monte Horebe,4793,20.86
901,2016,250970,4,Monteiro,33039,12.11
902,2016,250980,1,Mulungu,9882,10.12
903,2016,250990,1,Natuba,10455,9.56
904,2016,251000,1,Nazarezinho,7307,13.69
905,2016,251020,1,Nova Olinda,5971,16.75
906,2016,251050,1,Olivedos,3916,25.54
907,2016,251080,32,Patos,107067,29.89
908,2016,251090,6,Paulista,12263,48.93
909,2016,251100,1,Pedra Branca,3800,26.32
910,2016,251110,2,Pedra Lavrada,8053,24.84
911,2016,251120,5,Pedras de Fogo,28395,17.61
912,2016,251130,2,Piancó,16039,12.47
913,2016,251140,3,Picuí,18704,16.04
914,2016,251150,1,Pilar,11863,8.43
915,2016,251160,1,Pilões,6667,15.0
916,2016,251180,3,Pirpirituba,10570,28.38
917,2016,251190,12,Pitimbu,18938,63.36
918,2016,251200,10,Pocinhos,18451,54.2
919,2016,251210,6,Pombal,32739,18.33
920,2016,251230,3,Princesa Isabel,23247,12.9
921,2016,251240,3,Puxinanã,13638,22.0
922,2016,251250,8,Queimadas,43945,18.2
923,2016,251270,6,Remígio,19368,30.98
924,2016,251276,3,Riachão do Poço,4481,66.95
925,2016,251278,2,Riacho de Santo Antônio,1955,102.3
926,2016,251290,5,Rio Tinto,24090,20.76
927,2016,251315,2,Santa Cecília,6570,30.44
928,2016,251340,3,Santa Luzia,15341,19.56
929,2016,251350,4,Santana de Mangueira,5191,77.06
930,2016,251370,101,Santa Rita,135915,74.31
931,2016,251385,1,Santo André,2529,39.54
932,2016,251390,11,São Bento,33847,32.5
933,2016,251400,1,São João do Cariri,4309,23.21
934,2016,251410,1,São João do Tigre,4427,22.59
935,2016,251445,2,São José dos Ramos,5920,33.78
936,2016,251450,2,São José de Piranhas,20062,9.97
937,2016,251455,2,São José de Princesa,3897,51.32
938,2016,251460,1,São José do Bonfim,3530,28.33
939,2016,251470,1,São José do Sabugi,4135,24.18
940,2016,251480,1,São José dos Cordeiros,3720,26.88
941,2016,251500,1,São Miguel de Taipu,7131,14.02
942,2016,251510,2,São Sebastião de Lagoa de Roça,11762,17.0
943,2016,251530,14,Sapé,52463,26.69
944,2016,251550,1,Serra Branca,13637,7.33
945,2016,251570,1,Serra Grande,3089,32.37
946,2016,251597,2,Sobrado,7754,25.79
947,2016,251600,8,Solânea,26551,30.13
948,2016,251610,8,Soledade,14853,53.86
949,2016,251615,1,Sossêgo,3522,28.39
950,2016,251620,19,Sousa,69196,27.46
951,2016,251630,4,Sumé,16872,23.71
952,2016,251640,2,Tacima,10896,18.36
953,2016,251650,5,Taperoá,15193,32.91
954,2016,251660,1,Tavares,14615,6.84
955,2016,251670,4,Teixeira,15085,26.52
956,2016,251680,1,Triunfo,9465,10.57
957,2016,251690,1,Uiraúna,15307,6.53
958,2016,251700,2,Umbuzeiro,9901,20.2
959,2017,250020,2,Aguiar,5562,35.96
960,2017,250030,4,Alagoa Grande,28565,14.0
961,2017,250040,2,Alagoa Nova,20689,9.67
962,2017,250050,5,Alagoinha,14464,34.57
963,2017,250053,3,Alcantil,5499,54.56
964,2017,250060,13,Alhandra,19579,66.4
965,2017,250070,2,São João do Rio do Peixe,17940,11.15
966,2017,250080,1,Araçagi,17003,5.88
967,2017,250100,4,Araruna,20418,19.59
968,2017,250110,5,Areia,22776,21.95
969,2017,250120,1,Areial,6975,14.34
970,2017,250130,5,Aroeiras,19154,26.1
971,2017,250140,1,Baía da Traição,9070,11.03
972,2017,250150,7,Bananeiras,21156,33.09
973,2017,250153,1,Baraúna,4925,20.3
974,2017,250157,3,Barra de Santana,8241,36.4
975,2017,250170,1,Barra de São Miguel,5979,16.73
976,2017,250180,22,Bayeux,97010,22.68
977,2017,250190,3,Belém,17685,16.96
978,2017,250200,2,Belém do Brejo do Cruz,7347,27.22
979,2017,250215,1,Boa Vista,7083,14.12
980,2017,250230,1,Bom Sucesso,4972,20.11
981,2017,250240,2,Bonito de Santa Fé,11938,16.75
982,2017,250250,14,Boqueirão,17842,78.47
983,2017,250270,3,Borborema,5430,55.25
984,2017,250280,8,Brejo do Cruz,14107,56.71
985,2017,250290,2,Brejo dos Santos,6457,30.97
986,2017,250300,23,Caaporã,21872,105.16
987,2017,250310,1,Cabaceiras,5570,17.95
988,2017,250320,13,Cabedelo,68033,19.11
989,2017,250330,1,Cachoeira dos Índios,10265,9.74
990,2017,250350,7,Cacimba de Dentro,17156,40.8
991,2017,250355,2,Cacimbas,7183,27.84
992,2017,250370,22,Cajazeiras,62187,35.38
993,2017,250380,3,Caldas Brandão,6025,49.79
994,2017,250390,1,Camalaú,6020,16.61
995,2017,250400,203,Campina Grande,410332,49.47
996,2017,250403,1,Capim,6552,15.26
997,2017,250420,2,Catingueira,4934,40.54
998,2017,250430,17,Catolé do Rocha,30534,55.68
999,2017,250435,1,Caturité,4839,20.67
1000,2017,250440,4,Conceição,18944,21.11
1001,2017,250450,2,Condado,6753,29.62
1002,2017,250460,17,Conde,24769,68.63
1003,2017,250470,1,Congo,4789,20.88
1004,2017,250480,5,Coremas,15426,32.41
1005,2017,250490,3,Cruz do Espírito Santo,17559,17.09
1006,2017,250500,2,Cubati,7274,27.5
1007,2017,250510,4,Cuité,20348,19.66
1008,2017,250520,2,Cuitegi,6790,29.46
1009,2017,250527,4,Curral de Cima,5232,76.45
1010,2017,250540,1,Desterro,8306,12.04
1011,2017,250580,1,Duas Estradas,3594,27.82
1012,2017,250590,2,Emas,3528,56.69
1013,2017,250600,8,Esperança,33266,24.05
1014,2017,250610,4,Fagundes,11313,35.36
1015,2017,250625,2,Gado Bravo,8435,23.71
1016,2017,250630,25,Guarabira,58881,42.46
1017,2017,250640,1,Gurinhém,14134,7.08
1018,2017,250670,5,Imaculada,11833,42.25
1019,2017,250680,4,Ingá,18163,22.02
1020,2017,250690,6,Itabaiana,24475,24.51
1021,2017,250700,2,Itaporanga,24842,8.05
1022,2017,250710,3,Itapororoca,18715,16.03
1023,2017,250720,2,Itatuba,10876,18.39
1024,2017,250730,2,Jacaraú,14378,13.91
1025,2017,250740,4,Jericó,7742,51.67
1026,2017,250750,344,João Pessoa,811598,42.39
1027,2017,250760,1,Juarez Távora,7950,12.58
1028,2017,250770,4,Juazeirinho,18213,21.96
1029,2017,250780,1,Junco do Seridó,7165,13.96
1030,2017,250790,2,Juripiranga,10770,18.57
1031,2017,250820,2,Lagoa de Dentro,7670,26.08
1032,2017,250830,10,Lagoa Seca,27543,36.31
1033,2017,250840,1,Lastro,2725,36.7
1034,2017,250855,1,Logradouro,4343,23.03
1035,2017,250860,6,Lucena,13121,45.73
1036,2017,250880,2,Malta,5665,35.3
1037,2017,250890,7,Mamanguape,45005,15.55
1038,2017,250900,5,Manaíra,11120,44.96
1039,2017,250905,3,Marcação,8586,34.94
1040,2017,250910,9,Mari,21854,41.18
1041,2017,250915,1,Marizópolis,6614,15.12
1042,2017,250920,2,Massaranduba,13853,14.44
1043,2017,250933,1,Matinhas,4537,22.04
1044,2017,250937,1,Mato Grosso,2915,34.31
1045,2017,250939,2,Maturéia,6587,30.36
1046,2017,250940,5,Mogeiro,13286,37.63
1047,2017,250970,6,Monteiro,33294,18.02
1048,2017,250980,2,Mulungu,9922,20.16
1049,2017,250990,4,Natuba,10460,38.24
1050,2017,251000,1,Nazarezinho,7296,13.71
1051,2017,251010,2,Nova Floresta,10639,18.8
1052,2017,251030,1,Nova Palmeira,4910,20.37
1053,2017,251040,2,Olho d'Água,6512,30.71
1054,2017,251050,1,Olivedos,3951,25.31
1055,2017,251060,1,Ouro Velho,3042,32.87
1056,2017,251080,33,Patos,107790,30.62
1057,2017,251090,3,Paulista,12308,24.37
1058,2017,251110,1,Pedra Lavrada,8122,12.31
1059,2017,251120,9,Pedras de Fogo,28499,31.58
1060,2017,251130,4,Piancó,16091,24.86
1061,2017,251140,6,Picuí,18737,32.02
1062,2017,251150,1,Pilar,11938,8.38
1063,2017,251160,1,Pilões,6607,15.14
1064,2017,251180,2,Pirpirituba,10585,18.89
1065,2017,251190,5,Pitimbu,19182,26.07
1066,2017,251200,7,Pocinhos,18622,37.59
1067,2017,251210,8,Pombal,32766,24.42
1068,2017,251220,1,Prata,4179,23.93
1069,2017,251230,2,Princesa Isabel,23489,8.51
1070,2017,251250,9,Queimadas,44214,20.36
1071,2017,251260,1,Quixaba,1964,50.92
1072,2017,251270,2,Remígio,19579,10.22
1073,2017,251276,2,Riachão do Poço,4519,44.26
1074,2017,251280,4,Riacho dos Cavalos,8609,46.46
1075,2017,251290,5,Rio Tinto,24154,20.7
1076,2017,251310,1,Salgado de São Félix,12145,8.23
1077,2017,251315,1,Santa Cecília,6557,15.25
1078,2017,251335,1,Santa Inês,3596,27.81
1079,2017,251340,6,Santa Luzia,15401,38.96
1080,2017,251350,1,Santana de Mangueira,5159,19.38
1081,2017,251370,85,Santa Rita,136851,62.11
1082,2017,251390,8,São Bento,34215,23.38
1083,2017,251392,1,São Bentinho,4540,22.03
1084,2017,251396,1,São Domingos,3120,32.05
1085,2017,251398,1,São Francisco,3363,29.74
1086,2017,251400,1,São João do Cariri,4296,23.28
1087,2017,251410,5,São João do Tigre,4423,113.05
1088,2017,251440,1,São José de Espinharas,4635,21.57
1089,2017,251445,2,São José dos Ramos,5969,33.51
1090,2017,251450,1,São José de Piranhas,20163,4.96
1091,2017,251455,1,São José de Princesa,3842,26.03
1092,2017,251460,2,São José do Bonfim,3566,56.09
1093,2017,251490,4,São Mamede,7721,51.81
1094,2017,251500,1,São Miguel de Taipu,7180,13.93
1095,2017,251510,4,São Sebastião de Lagoa de Roça,11845,33.77
1096,2017,251530,27,Sapé,52697,51.24
1097,2017,251540,2,São Vicente do Seridó,11084,18.04
1098,2017,251550,1,Serra Branca,13707,7.3
1099,2017,251580,2,Serra Redonda,7020,28.49
1100,2017,251593,1,Sertãozinho,5044,19.83
1101,2017,251600,2,Solânea,26376,7.58
1102,2017,251610,4,Soledade,14987,26.69
1103,2017,251620,17,Sousa,69554,24.44
1104,2017,251630,5,Sumé,16957,29.49
1105,2017,251650,1,Taperoá,15276,6.55
1106,2017,251660,4,Tavares,14661,27.28
1107,2017,251670,6,Teixeira,15191,39.5
1108,2017,251690,2,Uiraúna,15382,13.0
1109,2017,251700,5,Umbuzeiro,9913,50.44
1110,2017,251710,1,Várzea,2820,35.46
1111,2018,250010,2,Água Branca,10161,19.68
1112,2018,250020,2,Aguiar,5571,35.9
1113,2018,250030,8,Alagoa Grande,28623,27.95
1114,2018,250040,5,Alagoa Nova,20589,24.28
1115,2018,250050,2,Alagoinha,14367,13.92
1116,2018,250057,1,Algodão de Jandaíra,2488,40.19
1117,2018,250060,16,Alhandra,19391,82.51
1118,2018,250070,2,São João do Rio do Peixe,17941,11.15
1119,2018,250077,6,Aparecida,8337,71.97
1120,2018,250080,3,Araçagi,17079,17.57
1121,2018,250090,3,Arara,13438,22.32
1122,2018,250100,8,Araruna,20215,39.57
1123,2018,250110,2,Areia,22978,8.7
1124,2018,250130,8,Aroeiras,19190,41.69
1125,2018,250140,1,Baía da Traição,8933,11.19
1126,2018,250150,7,Bananeiras,21210,33.0
1127,2018,250153,1,Baraúna,4831,20.7
1128,2018,250157,1,Barra de Santana,8249,12.12
1129,2018,250160,5,Barra de Santa Rosa,15268,32.75
1130,2018,250180,27,Bayeux,96550,27.96
1131,2018,250190,7,Belém,17640,39.68
1132,2018,250200,2,Belém do Brejo do Cruz,7335,27.27
1133,2018,250215,1,Boa Vista,6972,14.34
1134,2018,250220,1,Bom Jesus,2547,39.26
1135,2018,250230,2,Bom Sucesso,4994,40.05
1136,2018,250240,1,Bonito de Santa Fé,11797,8.48
1137,2018,250250,5,Boqueirão,17751,28.17
1138,2018,250270,3,Borborema,5395,55.61
1139,2018,250280,6,Brejo do Cruz,13993,42.88
1140,2018,250290,1,Brejo dos Santos,6433,15.54
1141,2018,250300,12,Caaporã,21698,55.3
1142,2018,250310,1,Cabaceiras,5503,18.17
1143,2018,250320,12,Cabedelo,66680,18.0
1144,2018,250350,5,Cacimba de Dentro,17159,29.14
1145,2018,250355,3,Cacimbas,7145,41.99
1146,2018,250360,3,Caiçara,7292,41.14
1147,2018,250370,17,Cajazeiras,61776,27.52
1148,2018,250390,4,Camalaú,5994,66.73
1149,2018,250400,135,Campina Grande,407472,33.13
1150,2018,250403,3,Capim,6424,46.7
1151,2018,250430,6,Catolé do Rocha,30343,19.77
1152,2018,250435,1,Caturité,4807,20.8
1153,2018,250440,5,Conceição,18904,26.45
1154,2018,250460,19,Conde,24323,78.12
1155,2018,250470,6,Congo,4785,125.39
1156,2018,250490,6,Cruz do Espírito Santo,17366,34.55
1157,2018,250500,1,Cubati,7763,12.88
1158,2018,250510,6,Cuité,20343,29.49
1159,2018,250520,2,Cuitegi,6823,29.31
1160,2018,250523,1,Cuité de Mamanguape,6349,15.75
1161,2018,250527,1,Curral de Cima,5242,19.08
1162,2018,250530,1,Curral Velho,2521,39.67
1163,2018,250535,1,Damião,5289,18.91
1164,2018,250540,4,Desterro,8279,48.32
1165,2018,250560,1,Diamante,6575,15.21
1166,2018,250570,2,Dona Inês,10429,19.18
1167,2018,250600,10,Esperança,33003,30.3
1168,2018,250610,4,Fagundes,11355,35.23
1169,2018,250625,2,Gado Bravo,8448,23.67
1170,2018,250630,18,Guarabira,58492,30.77
1171,2018,250640,2,Gurinhém,14131,14.15
1172,2018,250660,1,Ibiara,5956,16.79
1173,2018,250670,1,Imaculada,11790,8.48
1174,2018,250680,4,Ingá,18101,22.1
1175,2018,250690,8,Itabaiana,24537,32.6
1176,2018,250700,3,Itaporanga,24653,12.17
1177,2018,250710,6,Itapororoca,18501,32.43
1178,2018,250720,2,Itatuba,10801,18.52
1179,2018,250730,2,Jacaraú,14349,13.94
1180,2018,250740,1,Jericó,7732,12.93
1181,2018,250750,278,João Pessoa,800323,34.74
1182,2018,250760,3,Juarez Távora,7896,37.99
1183,2018,250770,6,Juazeirinho,18041,33.26
1184,2018,250790,2,Juripiranga,10717,18.66
1185,2018,250800,1,Juru,9886,10.12
1186,2018,250810,1,Lagoa,4679,21.37
1187,2018,250820,3,Lagoa de Dentro,7643,39.25
1188,2018,250830,6,Lagoa Seca,27385,21.91
1189,2018,250850,4,Livramento,7,57142.86
1190,2018,250855,1,Logradouro,4294,23.29
1191,2018,250860,9,Lucena,12944,69.53
1192,2018,250880,1,Malta,5766,17.34
1193,2018,250890,6,Mamanguape,44657,13.44
1194,2018,250900,2,Manaíra,11092,18.03
1195,2018,250905,2,Marcação,8460,23.64
1196,2018,250910,9,Mari,21808,41.27
1197,2018,250915,1,Marizópolis,6565,15.23
1198,2018,250920,1,Massaranduba,13742,7.28
1199,2018,250930,2,Mataraca,8327,24.02
1200,2018,250933,1,Matinhas,4516,22.14
1201,2018,250940,3,Mogeiro,13308,22.54
1202,2018,250950,2,Montadas,5598,35.73
1203,2018,250960,1,Monte Horebe,4789,20.88
1204,2018,250970,9,Monteiro,33007,27.27
1205,2018,250980,7,Mulungu,9878,70.86
1206,2018,250990,2,Natuba,10458,19.12
1207,2018,251010,9,Nova Floresta,10651,84.5
1208,2018,251040,2,Olho d'Água,6592,30.34
1209,2018,251065,1,Parari,1786,55.99
1210,2018,251080,29,Patos,106984,27.11
1211,2018,251090,1,Paulista,12260,8.16
1212,2018,251120,23,Pedras de Fogo,28389,81.02
1213,2018,251130,3,Piancó,16038,18.71
1214,2018,251140,5,Picuí,18706,26.73
1215,2018,251180,2,Pirpirituba,10572,18.92
1216,2018,251190,14,Pitimbu,18904,74.06
1217,2018,251200,4,Pocinhos,18429,21.7
1218,2018,251210,12,Pombal,32749,36.64
1219,2018,251220,1,Prata,4141,24.15
1220,2018,251230,4,Princesa Isabel,23215,17.23
1221,2018,251240,1,Puxinanã,13630,7.34
1222,2018,251250,8,Queimadas,43917,18.22
1223,2018,251260,1,Quixaba,1929,51.84
1224,2018,251270,3,Remígio,19340,15.51
1225,2018,251272,1,Pedro Régis,6064,16.49
1226,2018,251274,2,Riachão,3564,56.12
1227,2018,251275,1,Riachão do Bacamarte,4500,22.22
1228,2018,251290,7,Rio Tinto,24088,29.06
1229,2018,251310,2,Salgado de São Félix,12149,16.46
1230,2018,251335,2,Santa Inês,3597,55.6
1231,2018,251340,3,Santa Luzia,15336,19.56
1232,2018,251350,2,Santana de Mangueira,5198,38.48
1233,2018,251360,1,Santana dos Garrotes,7077,14.13
1234,2018,251370,81,Santa Rita,135807,59.64
1235,2018,251390,12,São Bento,33796,35.51
1236,2018,251392,1,São Bentinho,4492,22.26
1237,2018,251396,1,São Domingos,3087,32.39
1238,2018,251400,2,São João do Cariri,4313,46.37
1239,2018,251410,2,São João do Tigre,4430,45.15
1240,2018,251430,1,São José de Caiana,6255,15.99
1241,2018,251445,1,São José dos Ramos,5915,16.91
1242,2018,251450,6,São José de Piranhas,20053,29.92
1243,2018,251460,1,São José do Bonfim,3526,28.36
1244,2018,251465,1,São José do Brejo do Cruz,1791,55.83
1245,2018,251480,4,São José dos Cordeiros,3723,107.44
1246,2018,251490,1,São Mamede,7745,12.91
1247,2018,251500,1,São Miguel de Taipu,7124,14.04
1248,2018,251510,1,São Sebastião de Lagoa de Roça,11753,8.51
1249,2018,251520,1,São Sebastião do Umbuzeiro,3466,28.85
1250,2018,251530,17,Sapé,52443,32.42
1251,2018,251540,5,São Vicente do Seridó,10728,46.61
1252,2018,251550,1,Serra Branca,13630,7.34
1253,2018,251590,1,Serraria,6131,16.31
1254,2018,251597,2,Sobrado,7751,25.8
1255,2018,251600,2,Solânea,26592,7.52
1256,2018,251615,1,Sossêgo,3516,28.44
1257,2018,251620,26,Sousa,69161,37.59
1258,2018,251630,3,Sumé,16864,17.79
1259,2018,251640,3,Tacima,10887,27.56
1260,2018,251650,6,Taperoá,15,40000.0
1261,2018,251660,1,Tavares,14614,6.84
1262,2018,251670,3,Teixeira,15072,19.9
1263,2018,251675,1,Tenório,3035,32.95
1264,2018,251690,6,Uiraúna,15300,39.22
1265,2018,251710,1,Várzea,2779,35.98
1266,2019,250010,2,Água Branca,10234,19.54
1267,2019,250030,2,Alagoa Grande,28496,7.02
1268,2019,250040,4,Alagoa Nova,20849,19.19
1269,2019,250060,12,Alhandra,19588,61.26
1270,2019,250070,2,São João do Rio do Peixe,18034,11.09
1271,2019,250077,1,Aparecida,8347,11.98
1272,2019,250080,1,Araçagi,16987,5.89
1273,2019,250090,2,Arara,13470,14.85
1274,2019,250100,2,Araruna,20312,9.85
1275,2019,250110,5,Areia,22819,21.91
1276,2019,250115,1,Areia de Baraúnas,2128,46.99
1277,2019,250120,2,Areial,6998,28.58
1278,2019,250130,5,Aroeiras,19153,26.11
1279,2019,250135,1,Assunção,3990,25.06
1280,2019,250140,2,Baía da Traição,8993,22.24
1281,2019,250150,6,Bananeiras,21318,28.15
1282,2019,250170,1,Barra de São Miguel,6036,16.57
1283,2019,250180,21,Bayeux,96880,21.68
1284,2019,250190,5,Belém,17676,28.29
1285,2019,250210,1,Boa Ventura,5366,18.64
1286,2019,250215,1,Boa Vista,7051,14.18
1287,2019,250230,1,Bom Sucesso,4975,20.1
1288,2019,250270,2,Borborema,5263,38.0
1289,2019,250280,7,Brejo do Cruz,14122,49.57
1290,2019,250290,2,Brejo dos Santos,6449,31.01
1291,2019,250300,11,Caaporã,21828,50.39
1292,2019,250320,6,Cabedelo,67736,8.86
1293,2019,250330,1,Cachoeira dos Índios,10244,9.76
1294,2019,250350,3,Cacimba de Dentro,17187,17.46
1295,2019,250355,2,Cacimbas,7173,27.88
1296,2019,250360,1,Caiçara,7201,13.89
1297,2019,250370,13,Cajazeiras,61993,20.97
1298,2019,250380,2,Caldas Brandão,6014,33.26
1299,2019,250400,101,Campina Grande,409731,24.65
1300,2019,250403,2,Capim,6523,30.66
1301,2019,250420,1,Catingueira,4932,20.28
1302,2019,250430,23,Catolé do Rocha,30546,75.3
1303,2019,250435,1,Caturité,4852,20.61
1304,2019,250440,10,Conceição,18982,52.68
1305,2019,250450,1,Condado,6654,15.03
1306,2019,250460,8,Conde,24670,32.43
1307,2019,250470,1,Congo,4786,20.89
1308,2019,250480,3,Coremas,15445,19.42
1309,2019,250490,4,Cruz do Espírito Santo,17319,23.1
1310,2019,250510,3,Cuité,20338,14.75
1311,2019,250520,1,Cuitegi,6803,14.7
1312,2019,250523,1,Cuité de Mamanguape,6353,15.74
1313,2019,250527,1,Curral de Cima,5227,19.13
1314,2019,250540,2,Desterro,8297,24.11
1315,2019,250550,1,Vista Serrana,3798,26.33
1316,2019,250560,3,Diamante,6552,45.79
1317,2019,250580,1,Duas Estradas,3596,27.81
1318,2019,250600,6,Esperança,33007,18.18
1319,2019,250610,4,Fagundes,11253,35.55
1320,2019,250625,3,Gado Bravo,8316,36.08
1321,2019,250630,7,Guarabira,58833,11.9
1322,2019,250640,1,Gurinhém,14129,7.08
1323,2019,250660,1,Ibiara,5929,16.87
1324,2019,250670,2,Imaculada,11819,16.92
1325,2019,250680,5,Ingá,18103,27.62
1326,2019,250690,10,Itabaiana,24477,40.85
1327,2019,250700,3,Itaporanga,24692,12.15
1328,2019,250710,3,Itapororoca,18664,16.07
1329,2019,250730,2,Jacaraú,14431,13.86
1330,2019,250740,4,Jericó,7739,51.69
1331,2019,250750,184,João Pessoa,809015,22.74
1332,2019,250770,1,Juazeirinho,18171,5.5
1333,2019,250800,1,Juru,9867,10.13
1334,2019,250810,4,Lagoa,4666,85.73
1335,2019,250830,5,Lagoa Seca,27503,18.18
1336,2019,250850,3,Livramento,7256,41.35
1337,2019,250855,1,Logradouro,4332,23.08
1338,2019,250860,1,Lucena,13080,7.65
1339,2019,250870,2,Mãe d'Água,4009,49.89
1340,2019,250890,8,Mamanguape,44882,17.82
1341,2019,250900,3,Manaíra,10955,27.38
1342,2019,250905,2,Marcação,8558,23.37
1343,2019,250910,2,Mari,21837,9.16
1344,2019,250915,1,Marizópolis,6617,15.11
1345,2019,250920,3,Massaranduba,13918,21.55
1346,2019,250933,1,Matinhas,4500,22.22
1347,2019,250939,1,Maturéia,6569,15.22
1348,2019,250940,2,Mogeiro,13284,15.06
1349,2019,250970,4,Monteiro,33222,12.04
1350,2019,250980,6,Mulungu,9902,60.59
1351,2019,250990,2,Natuba,10454,19.13
1352,2019,251010,3,Nova Floresta,10638,28.2
1353,2019,251040,1,Olho d'Água,6526,15.32
1354,2019,251050,1,Olivedos,3932,25.43
1355,2019,251070,1,Passagem,2419,41.34
1356,2019,251080,28,Patos,107605,26.02
1357,2019,251090,1,Paulista,12347,8.1
1358,2019,251120,7,Pedras de Fogo,28458,24.6
1359,2019,251130,1,Piancó,16075,6.22
1360,2019,251140,1,Picuí,18703,5.35
1361,2019,251150,2,Pilar,11917,16.78
1362,2019,251160,1,Pilões,6635,15.07
1363,2019,251170,1,Pilõezinhos,4976,20.1
1364,2019,251180,2,Pirpirituba,10579,18.91
1365,2019,251190,2,Pitimbu,19065,10.49
1366,2019,251200,5,Pocinhos,18564,26.93
1367,2019,251203,2,Poço Dantas,3888,51.44
1368,2019,251210,5,Pombal,32801,15.24
1369,2019,251230,7,Princesa Isabel,23345,29.99
1370,2019,251240,1,Puxinanã,13680,7.31
1371,2019,251250,5,Queimadas,43967,11.37
1372,2019,251260,1,Quixaba,1956,51.12
1373,2019,251270,5,Remígio,19621,25.48
1374,2019,251275,2,Riachão do Bacamarte,4521,44.24
1375,2019,251280,2,Riacho dos Cavalos,8526,23.46
1376,2019,251290,6,Rio Tinto,24176,24.82
1377,2019,251315,1,Santa Cecília,6558,15.25
1378,2019,251320,1,Santa Cruz,6583,15.19
1379,2019,251340,2,Santa Luzia,15382,13.0
1380,2019,251350,4,Santana de Mangueira,5162,77.49
1381,2019,251370,60,Santa Rita,136586,43.93
1382,2019,251390,6,São Bento,34031,17.63
1383,2019,251410,3,São João do Tigre,4422,67.84
1384,2019,251420,2,São José da Lagoa Tapada,7630,26.21
1385,2019,251430,1,São José de Caiana,6359,15.73
1386,2019,251445,1,São José dos Ramos,5957,16.79
1387,2019,251450,2,São José de Piranhas,20251,9.88
1388,2019,251455,1,São José de Princesa,4003,24.98
1389,2019,251460,3,São José do Bonfim,3557,84.34
1390,2019,251480,1,São José dos Cordeiros,3628,27.56
1391,2019,251490,1,São Mamede,7724,12.95
1392,2019,251500,4,São Miguel de Taipu,7368,54.29
1393,2019,251510,1,São Sebastião de Lagoa de Roça,11661,8.58
1394,2019,251520,1,São Sebastião do Umbuzeiro,3489,28.66
1395,2019,251530,6,Sapé,52625,11.4
1396,2019,251540,1,São Vicente do Seridó,10775,9.28
1397,2019,251550,1,Serra Branca,13699,7.3
1398,2019,251590,2,Serraria,6099,32.79
1399,2019,251593,1,Sertãozinho,5024,19.9
1400,2019,251597,1,Sobrado,7783,12.85
1401,2019,251600,1,Solânea,26407,3.79
1402,2019,251610,2,Soledade,14989,13.34
1403,2019,251615,2,Sossêgo,3555,56.26
1404,2019,251620,23,Sousa,69444,33.12
1405,2019,251630,2,Sumé,16966,11.79
1406,2019,251640,1,Tacima,10911,9.17
1407,2019,251650,1,Taperoá,15376,6.5
1408,2019,251660,2,Tavares,14726,13.58
1409,2019,251670,7,Teixeira,15161,46.17
1410,2019,251680,1,Triunfo,9455,10.58
1411,2019,251690,3,Uiraúna,15242,19.68
1412,2019,251710,1,Várzea,2810,35.59
1413,2019,251720,1,Vieirópolis,5348,18.7
1414,2020,250030,2,Alagoa Grande,28439,7.03
1415,2020,250040,1,Alagoa Nova,20921,4.78
1416,2020,250050,1,Alagoinha,14560,6.87
1417,2020,250057,5,Algodão de Jandaíra,2577,194.02
1418,2020,250060,6,Alhandra,19727,30.42
1419,2020,250070,3,São João do Rio do Peixe,18026,16.64
1420,2020,250073,1,Amparo,2251,44.42
1421,2020,250077,1,Aparecida,8416,11.88
1422,2020,250080,4,Araçagi,16921,23.64
1423,2020,250090,1,Arara,13542,7.38
1424,2020,250100,3,Araruna,20463,14.66
1425,2020,250110,8,Areia,22656,35.31
1426,2020,250130,12,Aroeiras,19116,62.77
1427,2020,250140,1,Baía da Traição,9096,10.99
1428,2020,250150,6,Bananeiras,21269,28.21
1429,2020,250153,2,Baraúna,4964,40.29
1430,2020,250157,3,Barra de Santana,8349,35.93
1431,2020,250160,2,Barra de Santa Rosa,15497,12.91
1432,2020,250180,36,Bayeux,97203,37.04
1433,2020,250190,2,Belém,17705,11.3
1434,2020,250200,4,Belém do Brejo do Cruz,7349,54.43
1435,2020,250240,1,Bonito de Santa Fé,12022,8.32
1436,2020,250250,3,Boqueirão,17870,16.79
1437,2020,250280,11,Brejo do Cruz,14206,77.43
1438,2020,250290,4,Brejo dos Santos,6464,61.88
1439,2020,250300,11,Caaporã,21955,50.1
1440,2020,250320,7,Cabedelo,68767,10.18
1441,2020,250330,2,Cachoeira dos Índios,10305,19.41
1442,2020,250340,1,Cacimba de Areia,3695,27.06
1443,2020,250350,2,Cacimba de Dentro,17178,11.64
1444,2020,250355,3,Cacimbas,7199,41.67
1445,2020,250360,2,Caiçara,7191,27.81
1446,2020,250370,3,Cajazeiras,62289,4.82
1447,2020,250380,2,Caldas Brandão,6046,33.08
1448,2020,250390,1,Camalaú,6031,16.58
1449,2020,250400,101,Campina Grande,411807,24.53
1450,2020,250403,2,Capim,6620,30.21
1451,2020,250420,5,Catingueira,4935,101.32
1452,2020,250430,30,Catolé do Rocha,30684,97.77
1453,2020,250440,3,Conceição,19007,15.78
1454,2020,250450,1,Condado,6658,15.02
1455,2020,250460,10,Conde,25010,39.98
1456,2020,250470,1,Congo,4787,20.89
1457,2020,250480,3,Coremas,15441,19.43
1458,2020,250490,6,Cruz do Espírito Santo,17461,34.36
1459,2020,250500,3,Cubati,7832,38.3
1460,2020,250510,5,Cuité,20334,24.59
1461,2020,250523,2,Cuité de Mamanguape,6356,31.47
1462,2020,250527,1,Curral de Cima,5218,19.16
1463,2020,250535,2,Damião,5370,37.24
1464,2020,250540,3,Desterro,8315,36.08
1465,2020,250560,1,Diamante,6528,15.32
1466,2020,250570,1,Dona Inês,10413,9.6
1467,2020,250600,3,Esperança,33199,9.04
1468,2020,250610,8,Fagundes,11215,71.33
1469,2020,250625,1,Gado Bravo,8303,12.04
1470,2020,250630,12,Guarabira,59115,20.3
1471,2020,250640,3,Gurinhém,14127,21.24
1472,2020,250670,3,Imaculada,11848,25.32
1473,2020,250680,5,Ingá,18144,27.56
1474,2020,250690,10,Itabaiana,24419,40.95
1475,2020,250700,6,Itaporanga,24828,24.17
1476,2020,250710,8,Itapororoca,18823,42.5
1477,2020,250720,4,Itatuba,11016,36.31
1478,2020,250730,7,Jacaraú,14450,48.44
1479,2020,250740,4,Jericó,7745,51.65
1480,2020,250750,276,João Pessoa,817511,33.76
1481,2020,250760,1,Juarez Távora,7976,12.54
1482,2020,250770,5,Juazeirinho,18298,27.33
1483,2020,250780,1,Junco do Seridó,7195,13.9
1484,2020,250790,4,Juripiranga,10793,37.06
1485,2020,250800,1,Juru,9849,10.15
1486,2020,250810,2,Lagoa,4653,42.98
1487,2020,250820,2,Lagoa de Dentro,7737,25.85
1488,2020,250830,3,Lagoa Seca,27617,10.86
1489,2020,250855,1,Logradouro,4369,22.89
1490,2020,250860,6,Lucena,13214,45.41
1491,2020,250890,16,Mamanguape,45136,35.45
1492,2020,250900,1,Manaíra,10972,9.11
1493,2020,250905,4,Marcação,8653,46.23
1494,2020,250910,4,Mari,21866,18.29
1495,2020,250920,2,Massaranduba,13998,14.29
1496,2020,250933,1,Matinhas,4515,22.15
1497,2020,250939,1,Maturéia,6630,15.08
1498,2020,250940,1,Mogeiro,13261,7.54
1499,2020,250960,1,Monte Horebe,4842,20.65
1500,2020,250970,12,Monteiro,33433,35.89
1501,2020,250980,2,Mulungu,9932,20.14
1502,2020,250990,4,Natuba,10451,38.27
1503,2020,251010,3,Nova Floresta,10626,28.23
1504,2020,251030,1,Nova Palmeira,4959,20.17
1505,2020,251065,3,Parari,1758,170.65
1506,2020,251070,1,Passagem,2436,41.05
1507,2020,251080,40,Patos,108192,36.97
1508,2020,251090,2,Paulista,12379,16.16
1509,2020,251100,1,Pedra Branca,3802,26.3
1510,2020,251120,15,Pedras de Fogo,28533,52.57
1511,2020,251130,6,Piancó,16111,37.24
1512,2020,251140,4,Picuí,18720,21.37
1513,2020,251150,2,Pilar,11977,16.7
1514,2020,251160,3,Pilões,6576,45.62
1515,2020,251170,1,Pilõezinhos,4955,20.18
1516,2020,251190,12,Pitimbu,19275,62.26
1517,2020,251200,5,Pocinhos,18708,26.73
1518,2020,251210,7,Pombal,32802,21.34
1519,2020,251230,6,Princesa Isabel,23549,25.48
1520,2020,251240,4,Puxinanã,13741,29.11
1521,2020,251250,13,Queimadas,44179,29.43
1522,2020,251270,4,Remígio,19798,20.2
1523,2020,251272,1,Pedro Régis,6114,16.36
1524,2020,251274,1,Riachão,3619,27.63
1525,2020,251275,1,Riachão do Bacamarte,4541,22.02
1526,2020,251276,3,Riachão do Poço,4540,66.08
1527,2020,251290,7,Rio Tinto,24218,28.9
1528,2020,251310,3,Salgado de São Félix,12131,24.73
1529,2020,251315,2,Santa Cecília,6541,30.58
1530,2020,251320,1,Santa Cruz,6581,15.2
1531,2020,251335,1,Santa Inês,3593,27.83
1532,2020,251340,1,Santa Luzia,15426,6.48
1533,2020,251350,1,Santana de Mangueira,5129,19.5
1534,2020,251360,1,Santana dos Garrotes,6986,14.31
1535,2020,251370,56,Santa Rita,137349,40.77
1536,2020,251385,1,Santo André,2509,39.86
1537,2020,251390,12,São Bento,34344,34.94
1538,2020,251394,1,São Domingos do Cariri,2630,38.02
1539,2020,251398,1,São Francisco,3384,29.55
1540,2020,251400,2,São João do Cariri,4184,47.8
1541,2020,251410,1,São João do Tigre,4415,22.65
1542,2020,251430,1,São José de Caiana,6376,15.68
1543,2020,251450,3,São José de Piranhas,20329,14.76
1544,2020,251460,3,São José do Bonfim,3588,83.61
1545,2020,251490,1,São Mamede,7702,12.98
1546,2020,251500,5,São Miguel de Taipu,7410,67.48
1547,2020,251510,1,São Sebastião de Lagoa de Roça,11728,8.53
1548,2020,251520,1,São Sebastião do Umbuzeiro,3512,28.47
1549,2020,251530,10,Sapé,52804,18.94
1550,2020,251540,5,São Vicente do Seridó,10848,46.09
1551,2020,251550,2,Serra Branca,13754,14.54
1552,2020,251570,1,Serra Grande,2916,34.29
1553,2020,251580,1,Serra Redonda,7021,14.24
1554,2020,251597,3,Sobrado,7815,38.39
1555,2020,251600,6,Solânea,26227,22.88
1556,2020,251610,3,Soledade,15102,19.86
1557,2020,251620,11,Sousa,69723,15.78
1558,2020,251650,3,Taperoá,15441,19.43
1559,2020,251660,1,Tavares,14759,6.78
1560,2020,251670,7,Teixeira,15248,45.91
1561,2020,251690,1,Uiraúna,15300,6.54
1562,2020,251700,2,Umbuzeiro,9911,20.18
1563,2020,251710,1,Várzea,2841,35.2
1564,2020,251740,1,Zabelê,2255,44.35
1565,2021,250030,2,Alagoa Grande,28384,7.05
1566,2021,250040,4,Alagoa Nova,20992,19.05
1567,2021,250050,2,Alagoinha,14629,13.67
1568,2021,250053,1,Alcantil,5527,18.09
1569,2021,250060,16,Alhandra,19865,80.54
1570,2021,250070,2,São João do Rio do Peixe,18020,11.1
1571,2021,250077,1,Aparecida,8482,11.79
1572,2021,250080,4,Araçagi,16857,23.73
1573,2021,250090,1,Arara,13613,7.35
1574,2021,250100,6,Araruna,20610,29.11
1575,2021,250110,1,Areia,22493,4.45
1576,2021,250120,1,Areial,7054,14.18
1577,2021,250130,9,Aroeiras,19081,47.17
1578,2021,250140,7,Baía da Traição,9197,76.11
1579,2021,250150,4,Bananeiras,21220,18.85
1580,2021,250170,2,Barra de São Miguel,6095,32.81
1581,2021,250180,29,Bayeux,97519,29.74
1582,2021,250190,2,Belém,17733,11.28
1583,2021,250200,1,Belém do Brejo do Cruz,7356,13.59
1584,2021,250205,1,Bernardino Batista,3571,28.0
1585,2021,250210,1,Boa Ventura,5248,19.05
1586,2021,250215,2,Boa Vista,7218,27.71
1587,2021,250240,1,Bonito de Santa Fé,12126,8.25
1588,2021,250250,5,Boqueirão,17934,27.88
1589,2021,250270,1,Borborema,5311,18.83
1590,2021,250280,12,Brejo do Cruz,14287,83.99
1591,2021,250290,1,Brejo dos Santos,6479,15.43
1592,2021,250300,13,Caaporã,22079,58.88
1593,2021,250310,1,Cabaceiras,5710,17.51
1594,2021,250320,10,Cabedelo,69773,14.33
1595,2021,250340,1,Cacimba de Areia,3708,26.97
1596,2021,250355,7,Cacimbas,7225,96.89
1597,2021,250360,1,Caiçara,7182,13.92
1598,2021,250370,15,Cajazeiras,62576,23.97
1599,2021,250380,2,Caldas Brandão,6077,32.91
1600,2021,250390,1,Camalaú,6048,16.53
1601,2021,250400,87,Campina Grande,413830,21.02
1602,2021,250403,1,Capim,6715,14.89
1603,2021,250407,1,Caraúbas,4206,23.78
1604,2021,250415,1,Casserengue,7530,13.28
1605,2021,250420,3,Catingueira,4938,60.75
1606,2021,250430,10,Catolé do Rocha,30819,32.45
1607,2021,250435,1,Caturité,4898,20.42
1608,2021,250450,1,Condado,6662,15.01
1609,2021,250460,14,Conde,25341,55.25
1610,2021,250470,4,Congo,4787,83.56
1611,2021,250480,6,Coremas,15438,38.87
1612,2021,250490,25,Cruz do Espírito Santo,17599,142.05
1613,2021,250500,1,Cubati,7866,12.71
1614,2021,250510,4,Cuité,20331,19.67
1615,2021,250520,3,Cuitegi,6748,44.46
1616,2021,250523,2,Cuité de Mamanguape,6360,31.45
1617,2021,250530,1,Curral Velho,2508,39.87
1618,2021,250535,1,Damião,5409,18.49
1619,2021,250540,2,Desterro,8332,24.0
1620,2021,250560,1,Diamante,6506,15.37
1621,2021,250570,1,Dona Inês,10375,9.64
1622,2021,250590,2,Emas,3556,56.24
1623,2021,250600,1,Esperança,33386,3.0
1624,2021,250610,5,Fagundes,11180,44.72
1625,2021,250630,9,Guarabira,59389,15.15
1626,2021,250640,7,Gurinhém,14125,49.56
1627,2021,250650,1,Gurjão,3477,28.76
1628,2021,250660,2,Ibiara,5877,34.03
1629,2021,250670,4,Imaculada,11877,33.68
1630,2021,250680,2,Ingá,18184,11.0
1631,2021,250690,8,Itabaiana,24363,32.84
1632,2021,250700,11,Itaporanga,24960,44.07
1633,2021,250710,7,Itapororoca,18978,36.88
1634,2021,250720,3,Itatuba,11069,27.1
1635,2021,250730,12,Jacaraú,14467,82.95
1636,2021,250740,5,Jericó,7751,64.51
1637,2021,250750,246,João Pessoa,825796,29.79
1638,2021,250760,2,Juarez Távora,8014,24.96
1639,2021,250770,7,Juazeirinho,18422,38.0
1640,2021,250790,6,Juripiranga,10830,55.4
1641,2021,250800,5,Juru,9831,50.86
1642,2021,250810,2,Lagoa,4640,43.1
1643,2021,250820,4,Lagoa de Dentro,7754,51.59
1644,2021,250830,2,Lagoa Seca,27728,7.21
1645,2021,250850,2,Livramento,7274,27.5
1646,2021,250860,8,Lucena,13344,59.95
1647,2021,250870,1,Mãe d'Água,3988,25.08
1648,2021,250880,3,Malta,5745,52.22
1649,2021,250890,10,Mamanguape,45385,22.03
1650,2021,250900,1,Manaíra,10988,9.1
1651,2021,250905,3,Marcação,8746,34.3
1652,2021,250910,8,Mari,21895,36.54
1653,2021,250920,3,Massaranduba,14077,21.31
1654,2021,250939,1,Maturéia,6690,14.95
1655,2021,250940,4,Mogeiro,13238,30.22
1656,2021,250950,2,Montadas,5806,34.45
1657,2021,250970,8,Monteiro,33638,23.78
1658,2021,250980,7,Mulungu,9962,70.27
1659,2021,250990,1,Natuba,10449,9.57
1660,2021,251010,4,Nova Floresta,10614,37.69
1661,2021,251040,1,Olho d'Água,6399,15.63
1662,2021,251060,1,Ouro Velho,3052,32.77
1663,2021,251070,1,Passagem,2453,40.77
1664,2021,251080,44,Patos,108766,40.45
1665,2021,251090,8,Paulista,12411,64.46
1666,2021,251120,20,Pedras de Fogo,28607,69.91
1667,2021,251130,2,Piancó,16147,12.39
1668,2021,251140,3,Picuí,18737,16.01
1669,2021,251190,22,Pitimbu,19478,112.95
1670,2021,251200,3,Pocinhos,18848,15.92
1671,2021,251203,1,Poço Dantas,3877,25.79
1672,2021,251207,1,Poço de José de Moura,4366,22.9
1673,2021,251210,10,Pombal,32803,30.49
1674,2021,251230,5,Princesa Isabel,23749,21.05
1675,2021,251240,3,Puxinanã,13801,21.74
1676,2021,251250,9,Queimadas,44388,20.28
1677,2021,251260,1,Quixaba,2009,49.78
1678,2021,251270,3,Remígio,19973,15.02
1679,2021,251274,2,Riachão,3650,54.79
1680,2021,251275,1,Riachão do Bacamarte,4562,21.92
1681,2021,251276,1,Riachão do Poço,4571,21.88
1682,2021,251278,2,Riacho de Santo Antônio,1999,100.05
1683,2021,251280,1,Riacho dos Cavalos,8555,11.69
1684,2021,251290,8,Rio Tinto,24258,32.98
1685,2021,251300,2,Salgadinho,3975,50.31
1686,2021,251310,1,Salgado de São Félix,12123,8.25
1687,2021,251315,1,Santa Cecília,6526,15.32
1688,2021,251335,1,Santa Inês,3591,27.85
1689,2021,251340,2,Santa Luzia,15470,12.93
1690,2021,251370,58,Santa Rita,138093,42.0
1691,2021,251380,1,Santa Teresinha,4550,21.98
1692,2021,251390,12,São Bento,34650,34.63
1693,2021,251392,3,São Bentinho,4602,65.19
1694,2021,251400,2,São João do Cariri,4170,47.96
1695,2021,251410,5,São João do Tigre,4408,113.43
1696,2021,251430,1,São José de Caiana,6394,15.64
1697,2021,251440,1,São José de Espinharas,4631,21.59
1698,2021,251445,6,São José dos Ramos,6037,99.39
1699,2021,251450,3,São José de Piranhas,20406,14.7
1700,2021,251460,2,São José do Bonfim,3619,55.26
1701,2021,251480,2,São José dos Cordeiros,3607,55.45
1702,2021,251500,5,São Miguel de Taipu,7450,67.11
1703,2021,251510,4,São Sebastião de Lagoa de Roça,11793,33.92
1704,2021,251530,6,Sapé,52977,11.33
1705,2021,251540,3,São Vicente do Seridó,10919,27.48
1706,2021,251550,1,Serra Branca,13807,7.24
1707,2021,251580,1,Serra Redonda,7001,14.28
1708,2021,251597,2,Sobrado,7845,25.49
1709,2021,251600,5,Solânea,26051,19.19
1710,2021,251610,3,Soledade,15211,19.72
1711,2021,251620,7,Sousa,69997,10.0
1712,2021,251630,7,Sumé,17096,40.95
1713,2021,251640,3,Tacima,11024,27.21
1714,2021,251650,5,Taperoá,15505,32.25
1715,2021,251660,4,Tavares,14791,27.04
1716,2021,251670,2,Teixeira,15333,13.04
1717,2021,251675,1,Tenório,3103,32.23
1718,2021,251690,3,Uiraúna,15356,19.54
1719,2021,251740,2,Zabelê,2269,88.14
1720,2022,250010,4,Água Branca,9335,42.85
1721,2022,250020,4,Aguiar,5003,79.95
1722,2022,250030,2,Alagoa Grande,26062,7.67
1723,2022,250040,3,Alagoa Nova,21013,14.28
1724,2022,250050,6,Alagoinha,13725,43.72
1725,2022,250053,3,Alcantil,5578,53.78
1726,2022,250060,11,Alhandra,21730,50.62
1727,2022,250077,2,Aparecida,7960,25.13
1728,2022,250080,4,Araçagi,16646,24.03
1729,2022,250090,2,Arara,12212,16.38
1730,2022,250100,2,Araruna,17189,11.64
1731,2022,250110,3,Areia,22633,13.25
1732,2022,250120,1,Areial,7128,14.03
1733,2022,250130,4,Aroeiras,18705,21.38
1734,2022,250135,3,Assunção,4152,72.25
1735,2022,250140,4,Baía da Traição,9224,43.37
1736,2022,250150,3,Bananeiras,23134,12.97
1737,2022,250153,1,Baraúna,4762,21.0
1738,2022,250157,3,Barra de Santana,8059,37.23
1739,2022,250160,1,Barra de Santa Rosa,12904,7.75
1740,2022,250170,2,Barra de São Miguel,5906,33.86
1741,2022,250180,30,Bayeux,82742,36.26
1742,2022,250190,4,Belém,16401,24.39
1743,2022,250200,1,Belém do Brejo do Cruz,6268,15.95
1744,2022,250205,1,Bernardino Batista,3504,28.54
1745,2022,250230,4,Bom Sucesso,4661,85.82
1746,2022,250250,2,Boqueirão,17598,11.36
1747,2022,250260,2,Igaracy,5648,35.41
1748,2022,250270,1,Borborema,4214,23.73
1749,2022,250280,8,Brejo do Cruz,13613,58.77
1750,2022,250290,5,Brejo dos Santos,5742,87.08
1751,2022,250300,17,Caaporã,21193,80.22
1752,2022,250320,9,Cabedelo,66519,13.53
1753,2022,250340,1,Cacimba de Areia,3291,30.39
1754,2022,250350,2,Cacimba de Dentro,16064,12.45
1755,2022,250355,1,Cacimbas,7223,13.84
1756,2022,250360,1,Caiçara,6602,15.15
1757,2022,250370,11,Cajazeiras,63239,17.39
1758,2022,250375,1,Cajazeirinhas,2740,36.5
1759,2022,250380,1,Caldas Brandão,5753,17.38
1760,2022,250390,1,Camalaú,6085,16.43
1761,2022,250400,77,Campina Grande,419379,18.36
1762,2022,250403,1,Capim,6970,14.35
1763,2022,250415,1,Casserengue,6889,14.52
1764,2022,250430,28,Catolé do Rocha,30661,91.32
1765,2022,250435,1,Caturité,5254,19.03
1766,2022,250440,1,Conceição,18260,5.48
1767,2022,250460,12,Conde,27605,43.47
1768,2022,250470,4,Congo,4933,81.09
1769,2022,250480,6,Coremas,14683,40.86
1770,2022,250485,3,Coxixola,1824,164.47
1771,2022,250490,18,Cruz do Espírito Santo,17095,105.29
1772,2022,250500,2,Cubati,7580,26.39
1773,2022,250510,1,Cuité,19719,5.07
1774,2022,250520,2,Cuitegi,6730,29.72
1775,2022,250523,1,Cuité de Mamanguape,6251,16.0
1776,2022,250527,2,Curral de Cima,5254,38.07
1777,2022,250535,1,Damião,4982,20.07
1778,2022,250540,3,Desterro,8067,37.19
1779,2022,250560,2,Diamante,6299,31.75
1780,2022,250570,2,Dona Inês,10380,19.27
1781,2022,250580,2,Duas Estradas,3327,60.11
1782,2022,250600,2,Esperança,31231,6.4
1783,2022,250610,1,Fagundes,11049,9.05
1784,2022,250625,1,Gado Bravo,8179,12.23
1785,2022,250630,11,Guarabira,57484,19.14
1786,2022,250640,9,Gurinhém,13766,65.38
1787,2022,250660,2,Ibiara,5631,35.52
1788,2022,250670,1,Imaculada,10392,9.62
1789,2022,250680,1,Ingá,17692,5.65
1790,2022,250690,13,Itabaiana,23182,56.08
1791,2022,250700,8,Itaporanga,23940,33.42
1792,2022,250710,2,Itapororoca,18382,10.88
1793,2022,250720,1,Itatuba,10499,9.52
1794,2022,250730,11,Jacaraú,14477,75.98
1795,2022,250740,6,Jericó,7516,79.83
1796,2022,250750,214,João Pessoa,833932,25.66
1797,2022,250790,8,Juripiranga,10012,79.9
1798,2022,250800,2,Juru,9234,21.66
1799,2022,250820,4,Lagoa de Dentro,7819,51.16
1800,2022,250830,3,Lagoa Seca,27730,10.82
1801,2022,250850,4,Livramento,6877,58.16
1802,2022,250855,1,Logradouro,4797,20.85
1803,2022,250860,4,Lucena,12560,31.85
1804,2022,250870,2,Mãe d'Água,3583,55.82
1805,2022,250880,1,Malta,6046,16.54
1806,2022,250890,13,Mamanguape,44599,29.15
1807,2022,250900,2,Manaíra,10434,19.17
1808,2022,250905,8,Marcação,8999,88.9
1809,2022,250915,1,Marizópolis,6705,14.91
1810,2022,250930,1,Mataraca,8244,12.13
1811,2022,250940,2,Mogeiro,13899,14.39
1812,2022,250970,6,Monteiro,32277,18.59
1813,2022,250980,7,Mulungu,8791,79.63
1814,2022,250990,2,Natuba,8945,22.36
1815,2022,251010,1,Nova Floresta,9724,10.28
1816,2022,251040,1,Olho d'Água,6060,16.5
1817,2022,251060,1,Ouro Velho,2918,34.27
1818,2022,251080,57,Patos,103165,55.25
1819,2022,251090,3,Paulista,11834,25.35
1820,2022,251100,2,Pedra Branca,3739,53.49
1821,2022,251120,14,Pedras de Fogo,29662,47.2
1822,2022,251130,4,Piancó,16441,24.33
1823,2022,251140,6,Picuí,18333,32.73
1824,2022,251150,4,Pilar,12311,32.49
1825,2022,251160,1,Pilões,6815,14.67
1826,2022,251170,1,Pilõezinhos,5329,18.77
1827,2022,251180,1,Pirpirituba,9340,10.71
1828,2022,251190,16,Pitimbu,16751,95.52
1829,2022,251200,2,Pocinhos,17469,11.45
1830,2022,251210,15,Pombal,32473,46.19
1831,2022,251220,1,Prata,3915,25.54
1832,2022,251230,3,Princesa Isabel,21114,14.21
1833,2022,251240,2,Puxinanã,14277,14.01
1834,2022,251250,8,Queimadas,47658,16.79
1835,2022,251260,1,1,1,100000.0
1836,2022,251270,8,Remígio,17885,44.73
1837,2022,251272,3,Pedro Régis,5766,52.03
1838,2022,251278,1,Riacho de Santo Antônio,1955,51.15
1839,2022,251280,6,Riacho dos Cavalos,8493,70.65
1840,2022,251290,3,Rio Tinto,24581,12.2
1841,2022,251310,3,Salgado de São Félix,11505,26.08
1842,2022,251315,2,Santa Cecília,7670,26.08
1843,2022,251370,70,Santa Rita,149910,46.69
1844,2022,251380,2,Santa Teresinha,4402,45.43
1845,2022,251390,23,São Bento,32235,71.35
1846,2022,251392,1,São Bentinho,4327,23.11
1847,2022,251394,1,São Domingos do Cariri,2585,38.68
1848,2022,251398,1,São Francisco,3137,31.88
1849,2022,251400,1,São João do Cariri,4226,23.66
1850,2022,251410,2,São João do Tigre,4263,46.92
1851,2022,251420,2,São José da Lagoa Tapada,7126,28.07
1852,2022,251430,1,São José de Caiana,5034,19.86
1853,2022,251445,3,São José dos Ramos,5891,50.93
1854,2022,251450,3,São José de Piranhas,19067,15.73
1855,2022,251480,2,São José dos Cordeiros,3411,58.63
1856,2022,251490,3,São Mamede,7470,40.16
1857,2022,251500,4,São Miguel de Taipu,7066,56.61
1858,2022,251530,6,Sapé,51306,11.69
1859,2022,251540,2,1,1,200000.0
1860,2022,251550,2,Serra Branca,13614,14.69
1861,2022,251580,2,Serra Redonda,6828,29.29
1862,2022,251597,3,Sobrado,8236,36.43
1863,2022,251600,2,Solânea,26774,7.47
1864,2022,251610,3,Soledade,13968,21.48
1865,2022,251620,6,Sousa,67259,8.92
1866,2022,251630,2,Sumé,17166,11.65
1867,2022,251650,2,Taperoá,14068,14.22
1868,2022,251660,3,Tavares,14101,21.28
1869,2022,251670,3,Teixeira,14631,20.5
1870,2022,251690,4,Uiraúna,14930,26.79
1871,2022,251700,3,Umbuzeiro,9124,32.88
1872,2022,251710,1,Várzea,2668,37.48
